12,394,7,,,,,,,,,,,,,,,,,,,,,,,,,,,,,,,,,,,
,,,ARG,AS,BAN,BRA,CHI,COL,DEN,EU,IND,MEX,NAF,NL,PAN,PER,UK,USA,,,,,,,,,,,,,,,,,,,
Ind,Pop,D13,,,G11,,,Pi02,,,Pi04,,,Pi4B,,,Pi63,,,Pi70,,,SSR11,,,SSR2,,,SSR4,,,SSR6,,,SSR8,,
Bra_01,BRA,136,136,0,152,154,204,258,268,0,160,166,170,217,217,0,270,273,279,192,195,0,331,341,356,173,173,0,290,292,0,242,244,0,260,264,266
Bra_02,BRA,136,136,0,152,154,204,258,268,0,160,166,170,217,217,0,270,273,279,192,195,0,341,356,0,173,173,0,288,290,292,242,244,0,260,264,266
Bra_03,BRA,136,136,0,152,154,204,258,268,0,160,166,170,217,217,0,270,273,279,192,195,0,341,356,0,173,173,0,290,292,0,242,244,0,260,264,266
Bra_04,BRA,136,136,0,152,154,204,258,268,0,160,166,170,217,217,0,270,273,279,192,195,0,341,356,0,173,173,0,290,292,0,242,244,0,260,264,266
Bra_05,BRA,136,140,0,154,156,206,258,268,0,160,166,170,217,217,0,270,273,279,192,195,0,341,356,0,173,173,0,288,290,292,242,244,0,260,264,266
Col_01,COL,140,144,0,152,156,208,262,266,0,170,170,0,213,217,0,270,273,279,189,192,0,341,356,0,173,177,0,288,294,298,242,244,0,266,266,0
Col_02,COL,140,140,0,152,156,208,262,266,0,170,170,0,213,217,0,270,273,279,189,192,0,341,356,0,173,177,0,288,294,298,242,244,0,266,266,0
Col_03,COL,140,144,0,152,156,208,262,266,0,170,170,0,213,217,0,270,273,279,189,192,0,341,356,0,173,177,0,288,292,296,242,244,0,266,266,0
Col_04,COL,144,144,0,152,156,208,262,266,0,170,170,0,213,217,0,270,273,279,189,192,0,341,356,0,173,177,0,288,294,296,242,244,0,266,266,0
Col_05,COL,144,144,0,152,156,208,262,266,0,170,170,0,213,217,0,270,273,279,189,192,0,341,356,0,173,177,0,288,294,296,242,244,0,266,266,0
Chi_01,CHI,136,136,0,156,158,206,258,268,0,160,166,170,217,217,0,270,273,279,192,195,0,341,356,0,173,173,0,288,290,292,242,244,0,260,264,266
Chi_02,CHI,136,136,0,156,158,206,258,268,0,160,166,170,217,217,0,270,273,279,192,195,0,341,356,0,173,173,0,288,290,292,242,244,0,260,264,266
Chi_03,CHI,136,136,0,156,158,206,258,268,0,160,166,170,217,217,0,270,273,279,192,195,0,341,356,0,173,173,0,288,290,292,242,244,0,260,264,266
Chi_04,CHI,136,136,0,156,158,206,258,268,0,160,166,170,217,217,0,270,273,279,192,195,0,341,356,0,173,173,0,288,290,292,242,244,0,260,264,266
Chi_05,CHI,136,136,0,156,158,206,258,268,0,160,166,170,217,217,0,270,273,279,192,195,0,341,356,0,173,173,0,288,290,292,242,244,0,260,264,266
Arg_16_01,ARG,138,138,0,154,156,202,268,268,0,166,170,0,217,217,0,270,273,279,192,195,0,341,356,0,173,173,0,288,290,292,242,244,0,260,264,266
Arg_16_02,ARG,138,138,0,154,156,202,258,268,0,166,170,0,217,217,0,270,273,279,192,195,0,341,356,0,173,173,0,288,290,292,242,244,0,260,264,266
Arg_16_03,ARG,138,138,0,154,156,202,258,268,0,166,170,0,217,217,0,270,273,279,192,195,0,341,356,0,173,173,0,288,290,292,242,244,0,260,264,266
Arg_16_04,ARG,138,138,0,154,156,202,258,268,0,166,170,0,217,217,0,270,273,279,192,195,0,341,356,0,173,173,0,288,290,292,242,244,0,260,264,266
Arg_16_05,ARG,138,138,0,154,156,202,258,268,0,166,170,0,217,217,0,270,273,279,192,195,0,341,356,0,173,173,0,288,290,292,242,244,0,260,264,266
Arg_16_06,ARG,138,138,0,154,156,202,258,268,0,166,170,0,217,217,0,270,273,279,192,195,0,341,356,0,173,173,0,288,290,292,242,244,0,260,264,266
Arg_16_07,ARG,138,138,0,154,156,202,268,268,0,166,170,0,217,217,0,270,273,279,192,195,0,341,356,0,173,173,0,288,290,292,242,244,0,260,264,266
Arg_16_08,ARG,136,136,0,154,156,202,258,268,0,166,170,0,217,217,0,270,273,279,192,195,0,341,356,0,173,173,0,288,290,292,242,244,0,260,264,266
Arg_16_09,ARG,136,136,0,154,156,202,258,268,0,166,170,0,217,217,0,270,273,279,192,195,0,341,356,0,173,173,0,288,290,292,242,244,0,260,264,266
Arg_16_10,ARG,138,138,0,154,156,202,258,268,0,166,170,0,217,217,0,270,273,279,192,195,0,341,356,0,173,173,0,288,290,292,242,244,0,260,264,266
Arg_16_11,ARG,138,138,0,154,156,202,258,268,0,166,170,0,217,217,0,270,273,279,192,195,0,341,356,0,173,173,0,288,290,292,242,244,0,260,264,266
Arg_16_12,ARG,138,138,0,154,156,202,258,268,0,166,170,0,217,217,0,270,273,279,192,195,0,341,356,0,173,173,0,288,290,292,242,244,0,260,264,266
Arg_16_13,ARG,138,138,0,154,156,202,268,268,0,166,170,0,217,217,0,270,273,279,192,195,0,341,356,0,173,173,0,288,290,292,242,244,0,260,264,266
Arg_16_14,ARG,138,138,0,154,156,202,258,268,0,166,170,0,217,217,0,270,273,279,192,195,0,341,356,0,173,173,0,288,290,292,242,244,0,260,264,266
Arg_16_15,ARG,138,138,0,154,156,202,258,268,0,166,170,0,217,217,0,270,273,279,192,195,0,341,356,0,173,173,0,288,290,292,242,244,0,260,264,266
Arg_16_16,ARG,138,138,0,154,156,202,258,268,0,166,170,0,217,217,0,270,273,279,192,195,0,341,356,0,173,173,0,288,290,292,242,244,0,260,264,266
Arg_16_17,ARG,138,138,0,154,156,202,258,268,0,166,170,0,217,217,0,270,273,279,192,195,0,341,356,0,173,173,0,288,290,292,242,244,0,260,264,266
Arg_16_18,ARG,138,138,0,154,156,202,258,268,0,166,170,0,217,217,0,270,273,279,192,195,0,341,356,0,173,173,0,288,290,292,242,244,0,260,264,266
Arg_16_19,ARG,138,138,0,154,156,202,266,268,0,166,170,0,217,217,0,270,273,279,192,195,0,341,356,0,173,173,0,288,290,292,242,244,0,260,264,266
Arg_16_20,ARG,138,138,0,154,156,202,258,268,0,166,170,0,217,217,0,270,273,279,192,195,0,341,356,0,173,173,0,288,290,292,242,244,0,260,264,266
Arg_16_21,ARG,138,138,0,154,156,202,258,268,0,166,170,0,217,217,0,270,273,279,192,195,0,341,356,0,173,173,0,288,290,292,242,244,0,260,264,266
Arg_16_22,ARG,138,138,0,154,156,202,258,268,0,166,170,0,217,217,0,270,273,279,192,195,0,341,356,0,173,173,0,288,290,292,242,244,0,260,264,266
Arg_16_23,ARG,138,138,0,154,156,202,258,268,0,166,170,0,217,217,0,270,273,279,192,195,0,341,356,0,173,173,0,288,290,292,242,244,0,260,264,266
Arg_16_24,ARG,138,138,0,154,156,202,258,268,0,166,170,0,217,217,0,270,273,279,192,195,0,341,356,0,173,173,0,288,290,292,242,244,0,260,264,266
Arg_16_25,ARG,138,138,0,154,156,202,258,268,0,166,170,0,217,217,0,270,273,279,192,195,0,341,356,0,173,173,0,288,290,292,242,244,0,260,264,266
Arg_16_26,ARG,138,138,0,154,156,202,258,268,0,166,170,0,217,217,0,270,273,279,192,195,0,341,356,0,173,173,0,288,290,292,242,244,0,260,264,266
Arg_16_27,ARG,138,138,0,154,156,202,258,258,0,166,170,0,217,217,0,270,273,279,192,195,0,341,356,0,173,173,0,288,290,292,242,244,0,260,264,266
Arg_16_28,ARG,138,138,0,154,156,202,258,268,0,166,170,0,217,217,0,270,273,279,192,195,0,341,356,0,173,173,0,288,290,292,242,244,0,260,264,266
Arg_16_29,ARG,138,138,0,154,156,202,258,268,0,166,170,0,217,217,0,270,273,279,192,195,0,341,356,0,173,173,0,288,290,292,242,244,0,260,264,266
Arg_16_30,ARG,138,138,0,154,156,202,258,268,0,166,170,0,217,217,0,270,273,279,192,195,0,341,356,0,173,173,0,288,290,292,242,244,0,260,264,266
Arg_99_01,ARG,136,136,0,160,160,0,268,268,0,170,170,0,217,217,0,270,279,0,192,192,0,331,341,0,175,175,0,284,296,0,242,244,0,260,264,266
Arg_16_31,ARG,138,138,0,154,156,202,258,268,0,166,170,0,217,217,0,270,273,279,192,195,0,341,356,0,173,173,0,288,290,292,242,244,0,260,264,266
Arg_16_32,ARG,138,138,0,154,156,202,258,268,0,166,170,0,217,217,0,270,273,279,192,195,0,341,356,0,173,173,0,288,290,292,242,244,0,260,264,266
Arg_16_33,ARG,138,138,0,154,156,202,258,268,0,166,170,0,217,217,0,270,273,279,192,195,0,341,356,0,173,173,0,288,290,292,242,244,0,260,264,266
Arg_16_34,ARG,138,138,0,154,156,202,258,268,0,166,170,0,217,217,0,270,273,279,192,195,0,341,356,0,173,173,0,288,290,292,242,244,0,260,264,266
Arg_16_35,ARG,138,138,0,154,156,202,258,268,0,166,170,0,217,217,0,270,273,279,192,195,0,341,356,0,173,173,0,288,290,292,242,244,0,260,264,266
Arg_16_36,ARG,138,138,0,154,156,202,258,268,0,166,170,0,217,217,0,270,273,279,192,195,0,341,356,0,173,173,0,288,290,292,242,244,0,260,264,266
Arg_16_37,ARG,138,138,0,154,156,202,258,268,0,166,170,0,217,217,0,270,273,279,192,195,0,341,356,0,173,173,0,288,290,292,242,244,0,260,264,266
Arg_16_38,ARG,138,138,0,154,156,202,258,268,0,166,170,0,217,217,0,270,273,279,192,195,0,341,356,0,173,173,0,288,290,292,242,244,0,260,264,266
Arg_16_39,ARG,138,138,0,154,156,202,258,268,0,166,170,0,217,217,0,270,273,279,192,195,0,341,356,0,173,173,0,288,290,292,242,244,0,260,264,266
Arg_16_40,ARG,138,138,0,154,156,202,258,268,0,166,170,0,217,217,0,270,273,279,192,195,0,341,356,0,173,173,0,288,290,292,242,244,0,260,264,266
Arg_16_41,ARG,138,138,0,154,156,202,258,268,0,166,170,0,217,217,0,270,273,279,192,195,0,341,356,0,173,173,0,288,290,292,242,244,0,260,264,266
Arg_16_42,ARG,138,138,0,154,156,202,258,268,0,166,170,0,217,217,0,270,273,279,192,195,0,341,356,0,173,173,0,288,290,292,242,244,0,260,264,266
Arg_16_43,ARG,138,138,0,154,156,202,258,268,0,166,170,0,217,217,0,270,273,279,192,195,0,341,356,0,173,173,0,288,290,292,242,244,0,260,264,266
Arg_16_44,ARG,138,138,0,154,156,202,258,268,0,166,170,0,217,217,0,270,273,279,192,195,0,341,356,0,173,173,0,288,290,292,242,244,0,260,264,266
Arg_16_45,ARG,138,138,0,154,156,202,258,268,0,166,170,0,217,217,0,270,273,279,192,195,0,341,356,0,173,173,0,288,290,292,242,244,0,260,264,266
Arg_16_46,ARG,138,138,0,154,156,202,258,268,0,166,170,0,217,217,0,270,273,279,192,195,0,341,356,0,173,173,0,288,290,292,242,244,0,260,264,266
Arg_16_47,ARG,138,138,0,154,156,202,258,264,268,166,170,0,217,217,0,270,273,279,192,195,0,341,356,0,173,173,0,288,290,292,240,244,0,260,264,266
S1-BJDC_95,COL,140,146,0,156,160,0,166,170,0,213,217,0,279,279,0,192,192,0,331,356,0,173,175,0,268,268,0,284,292,294,242,244,0,264,266,0
S2-SUPP_337,COL,132,136,0,154,156,0,166,170,0,213,217,0,279,279,0,192,192,0,331,356,0,173,175,0,268,268,0,284,292,294,242,244,0,264,266,0
S3-SUPP_339,COL,132,136,0,156,156,0,166,170,0,213,217,0,279,279,0,192,192,0,331,356,0,173,175,0,268,268,0,284,292,294,242,244,0,264,266,0
S4-552,COL,132,136,0,156,156,0,166,170,0,213,217,0,279,279,0,192,192,0,331,356,0,173,175,0,268,268,0,284,294,0,242,244,0,264,266,0
S5-644,COL,132,136,0,156,156,0,166,170,0,213,217,0,279,279,0,192,192,0,331,356,0,173,175,0,268,268,0,284,292,296,242,244,0,264,266,0
S6-646,COL,132,136,0,156,156,0,166,170,0,213,217,0,279,279,0,192,192,0,331,356,0,173,175,0,268,268,0,284,292,296,242,244,0,264,266,0
S7-673,COL,132,136,0,156,156,0,166,170,0,213,217,0,279,279,0,192,192,0,331,356,0,173,175,0,268,268,0,284,292,296,242,244,0,264,266,0
S8-714,COL,132,136,0,156,156,0,166,170,0,213,217,0,279,279,0,192,192,0,331,356,0,173,175,0,268,268,0,284,292,296,242,244,0,264,266,0
S9-730,COL,132,136,0,156,156,0,166,170,0,213,217,0,279,279,0,192,192,0,331,356,0,173,175,0,268,268,0,284,292,296,242,244,0,264,266,0
S10-738,COL,132,136,0,156,156,0,166,170,0,213,217,0,279,279,0,192,192,0,331,356,0,173,175,0,268,268,0,284,292,296,242,244,0,264,266,0
S11-746,COL,132,136,0,156,156,0,166,170,0,213,217,0,279,279,0,192,192,0,331,356,0,173,175,0,268,268,0,284,292,296,242,244,0,264,266,0
S12-808,COL,136,138,0,156,156,0,166,170,0,213,217,0,279,279,0,192,192,0,331,356,0,173,175,0,268,268,0,284,292,298,242,244,0,264,266,0
S13-833,COL,136,136,0,156,156,0,166,170,0,213,217,0,279,279,0,192,192,0,331,356,0,173,175,0,268,270,0,284,292,298,242,244,0,264,266,0
S14-908,COL,132,136,0,156,156,0,166,170,0,213,217,0,279,279,0,192,192,0,331,356,0,173,175,0,268,268,0,284,292,294,242,244,0,264,266,0
S15-936,COL,136,136,0,156,156,0,166,170,0,213,217,0,279,279,0,192,192,0,331,356,0,173,175,0,268,268,0,284,292,294,242,244,0,264,266,0
S16-969,COL,132,136,0,156,156,0,166,170,0,213,217,0,279,279,0,192,192,0,331,356,0,173,175,0,268,268,0,284,292,294,242,244,0,264,266,0
S17-1114,COL,132,136,0,156,156,0,166,170,0,213,217,0,279,279,0,192,192,0,331,356,0,173,175,0,268,268,0,284,292,294,242,244,0,264,266,0
S18-1158,COL,118,136,0,156,156,0,166,170,0,213,217,0,279,279,0,192,192,0,331,356,0,173,175,0,268,268,0,284,292,296,242,244,0,264,266,0
S19-1205,COL,132,136,0,156,156,0,166,170,0,213,217,0,279,279,0,192,192,0,331,356,0,173,175,0,268,268,0,284,292,294,242,244,0,264,266,0
S20-1223,COL,132,136,0,156,156,0,166,170,0,213,217,0,279,279,0,192,192,0,331,356,0,173,175,0,268,268,0,284,294,0,242,244,0,264,266,0
S21-BJDC_18,COL,140,144,0,156,156,0,166,170,0,203,213,217,279,279,0,192,192,0,331,356,0,173,175,0,268,268,0,284,292,294,242,244,0,264,266,0
S22-BJDC_28,COL,140,144,0,156,156,0,166,170,0,203,213,217,279,279,0,192,192,0,331,356,0,173,175,0,268,268,0,284,292,294,242,244,0,264,266,0
S23-BJDC_62,COL,140,146,0,156,156,0,166,170,0,203,213,217,279,279,0,192,192,0,331,356,0,173,175,0,268,268,0,284,292,294,242,244,0,264,266,0
S24-72,COL,108,108,0,132,158,0,170,170,0,213,213,0,273,270,0,192,192,0,341,341,0,173,175,0,266,266,0,281,292,0,240,244,0,260,266,0
S25-BJSR_77,COL,140,144,0,156,156,0,166,170,0,203,213,217,279,279,0,192,192,0,331,356,0,173,175,0,268,268,0,284,292,294,242,244,0,264,266,0
S26-BJSR_79,COL,136,140,0,156,156,0,166,170,0,203,213,217,279,279,0,192,192,0,331,356,0,173,175,0,264,268,0,284,292,0,242,244,0,264,266,0
S27-BJDC_82,COL,140,144,0,156,156,0,166,170,0,203,213,217,279,279,0,192,192,0,331,356,0,173,175,0,268,268,0,284,292,294,242,244,0,264,266,0
S28-BJDC_91,COL,140,144,0,156,156,0,166,170,0,203,213,217,279,279,0,192,192,0,331,356,0,173,175,0,268,268,0,284,292,294,242,244,0,264,266,0
S29-BJDC_97,COL,140,144,0,156,156,0,166,170,0,203,213,217,279,279,0,192,192,0,331,356,0,173,175,0,268,268,0,284,292,294,242,244,0,264,266,0
S30-MODC_103,COL,140,144,0,156,156,0,166,170,0,203,213,217,279,279,0,192,192,0,331,356,0,173,175,0,268,268,0,284,292,296,242,244,0,264,266,0
S31-MODC_107,COL,140,144,0,156,156,0,166,170,0,203,213,217,279,279,0,192,192,0,331,356,0,173,175,0,268,268,0,284,292,294,242,244,0,264,266,0
S32-RODC_167,COL,140,144,0,156,156,0,166,170,0,203,213,217,279,279,0,192,192,0,331,356,0,173,175,0,268,268,0,284,292,296,242,244,0,264,266,0
S33-CHPP_418,COL,132,136,0,156,156,0,166,170,0,203,213,217,279,279,0,192,192,0,331,356,0,173,175,0,268,268,0,284,292,294,242,244,0,264,266,0
S34-CHPP_422,COL,132,136,0,156,156,0,166,170,0,203,213,217,279,279,0,192,192,0,331,356,0,173,175,0,268,268,0,284,294,0,242,244,0,264,266,0
S35-CHPP_434,COL,132,136,0,156,156,0,166,170,0,203,213,217,279,279,0,192,192,0,331,356,0,173,173,0,268,268,0,284,292,296,242,244,0,264,266,0
S36-600,COL,132,136,0,156,156,0,166,170,0,203,213,217,279,279,0,192,192,0,331,356,0,173,175,0,268,268,0,284,292,294,242,244,0,264,266,0
S37-606,COL,132,136,0,156,156,0,166,170,0,203,213,217,279,279,0,192,192,0,331,356,0,173,175,0,268,268,0,284,294,0,242,244,0,264,266,0
S38-612,COL,132,136,0,156,156,0,166,170,0,203,213,217,279,279,0,192,192,0,331,356,0,173,175,0,268,268,0,284,292,294,242,244,0,264,266,0
S39-613,COL,132,136,0,156,156,0,166,170,0,203,213,217,279,279,0,192,192,0,331,356,0,173,175,0,268,268,0,284,292,294,242,244,0,264,266,0
S40-872,COL,128,136,0,156,158,0,166,170,0,203,213,217,279,279,0,192,192,0,331,356,0,173,175,0,268,268,0,284,292,294,242,244,0,264,266,0
S41-981,COL,132,136,0,156,156,0,166,170,0,203,213,217,279,279,0,192,192,0,331,356,0,173,175,0,268,268,0,284,292,294,242,244,0,264,266,0
S42-989,COL,132,140,0,156,156,0,166,170,0,203,213,217,279,279,0,192,192,0,331,356,0,173,175,0,268,268,0,284,292,294,242,244,0,264,266,0
S43-1011,COL,132,136,0,156,156,0,166,170,0,203,213,217,279,279,0,192,192,0,331,356,0,173,175,0,268,268,0,284,294,0,242,244,0,264,266,0
S44-1028,COL,132,136,0,156,156,0,166,170,0,203,213,217,279,279,0,192,192,0,331,356,0,173,175,0,268,268,0,284,292,294,242,244,0,264,266,0
S45-976,COL,132,132,0,156,156,0,166,170,0,203,213,217,279,279,0,192,192,0,331,356,0,173,175,0,268,268,0,284,292,298,242,244,0,264,266,0
S46-881,COL,132,136,0,156,156,0,166,170,0,203,213,217,279,279,0,192,192,0,331,356,0,173,175,0,268,268,0,284,294,0,242,244,0,264,266,0
S47-896,COL,132,136,0,156,156,0,166,170,0,203,213,217,279,279,0,192,192,0,331,356,0,173,175,0,268,268,0,284,292,296,242,244,0,264,266,0
S48-885,COL,132,132,0,156,156,0,166,170,0,203,213,217,279,279,0,192,192,0,331,356,0,173,175,0,268,268,0,284,292,298,242,244,0,264,266,0
S49-938,COL,132,136,0,156,156,0,166,170,0,203,213,217,279,279,0,192,192,0,331,356,0,173,175,0,268,268,0,284,294,296,242,244,0,264,266,0
S50-626,COL,132,136,0,156,156,0,166,170,0,203,213,217,279,279,0,192,192,0,331,356,0,173,175,0,268,268,0,284,292,296,242,244,0,264,266,0
S51-633,COL,132,136,0,156,156,0,166,170,0,203,213,217,279,279,0,192,192,0,331,356,0,173,175,0,268,268,0,284,292,296,242,244,0,264,266,0
S52-652,COL,134,140,0,156,156,0,166,170,0,203,213,217,279,279,0,192,192,0,331,356,0,173,175,0,268,268,0,284,292,294,242,244,0,264,266,0
S53-654,COL,136,140,0,156,156,0,166,170,0,203,213,217,279,279,0,192,192,0,331,356,0,173,175,0,268,268,0,284,292,294,242,244,0,264,266,0
S54-656,COL,136,136,0,156,156,0,166,170,0,203,213,217,279,279,0,192,192,0,331,356,0,173,175,0,268,268,0,284,290,294,242,244,0,264,266,0
S55-658,COL,132,136,140,156,156,0,166,170,0,203,213,217,279,279,0,192,192,0,331,356,0,173,175,0,268,268,0,284,292,296,242,244,0,264,266,0
S56-660,COL,136,136,0,156,156,0,166,170,0,203,213,217,279,279,0,192,192,0,331,356,0,173,175,0,268,268,0,284,290,294,242,244,0,264,266,0
S57-665,COL,130,136,140,156,156,0,166,170,0,203,213,217,279,279,0,192,192,0,331,356,0,173,175,0,268,268,0,284,294,0,242,244,0,264,266,0
S58-672,COL,136,136,0,156,156,0,166,170,0,203,213,217,279,279,0,192,192,0,331,356,0,173,175,0,268,268,0,284,292,294,242,244,0,264,266,0
S59-677,COL,136,136,0,156,156,0,166,170,0,203,213,217,279,279,0,192,192,0,331,356,0,173,175,0,268,268,0,284,292,294,242,244,0,264,266,0
S60-692,COL,134,136,0,156,158,0,166,170,0,203,213,217,279,279,0,192,192,0,331,356,0,173,175,0,268,268,0,284,292,308,242,244,0,264,266,0
S61-696,COL,132,136,0,156,156,0,166,170,0,203,213,217,279,279,0,192,192,0,331,356,0,173,175,0,268,268,0,284,292,294,242,244,0,264,266,0
S62-697,COL,132,136,0,156,156,0,166,170,0,203,213,217,279,279,0,192,192,0,331,356,0,173,175,0,268,268,0,284,292,294,242,244,0,264,266,0
S63-699,COL,132,136,0,156,156,0,166,170,0,203,213,217,279,279,0,192,192,0,331,356,0,173,175,0,268,268,0,284,292,296,242,244,0,264,266,0
S64-702,COL,132,136,0,156,156,0,166,170,0,203,213,217,279,279,0,192,192,0,331,356,0,173,175,0,268,268,0,284,292,296,242,244,0,264,266,0
S65-704,COL,132,136,0,156,156,0,166,170,0,203,213,217,279,279,0,192,192,0,331,356,0,173,175,0,268,268,0,284,292,296,242,244,0,264,266,0
S66-703,COL,136,136,0,156,156,0,166,170,0,203,213,217,279,279,0,192,192,0,331,356,0,173,175,0,268,268,0,284,292,296,242,244,0,264,266,0
S67-706,COL,132,136,0,156,156,0,166,170,0,203,213,217,279,279,0,192,192,0,331,356,0,173,175,0,268,268,0,284,292,296,242,244,0,264,266,0
S68-707,COL,132,136,0,156,156,0,166,170,0,203,213,217,279,279,0,192,192,0,331,356,0,173,175,0,268,268,0,284,292,296,242,244,0,264,266,0
S69-718,COL,132,136,0,156,156,0,166,170,0,203,213,217,279,279,0,192,192,0,331,356,0,173,175,0,268,268,0,284,292,296,242,244,0,264,266,0
S70-719,COL,132,136,0,156,156,0,166,170,0,203,213,217,279,279,0,192,192,0,331,356,0,173,175,0,268,268,0,284,292,296,242,244,0,264,266,0
S72-729,COL,132,136,0,156,156,0,166,170,0,203,213,217,279,279,0,192,192,0,331,356,0,173,175,0,268,268,0,284,292,296,242,244,0,264,266,0
S73-CHPP_443,COL,132,136,0,156,156,0,166,170,0,203,213,217,279,279,0,192,192,0,331,356,0,173,175,0,268,268,0,284,292,296,242,244,0,264,266,0
S74-522,COL,132,136,0,156,156,0,166,170,0,203,213,217,279,279,0,192,192,0,331,356,0,173,173,0,268,268,0,284,292,296,242,244,0,264,266,0
S75-572,COL,132,136,0,156,156,0,166,170,0,203,213,217,279,279,0,192,192,0,331,356,0,173,175,0,268,268,0,284,294,0,242,244,0,264,266,0
S76-613,COL,132,136,0,156,156,0,166,170,0,203,213,217,279,279,0,192,192,0,331,356,0,173,175,0,268,268,0,284,292,294,242,244,0,264,266,0
S77-774,COL,132,136,0,156,156,0,166,170,0,203,213,217,279,279,0,192,192,0,331,356,0,173,175,0,268,268,0,284,292,294,242,244,0,264,266,0
S78-775,COL,132,136,0,156,156,0,166,170,0,203,213,217,279,279,0,192,192,0,331,356,0,173,175,0,268,270,0,284,292,294,242,244,0,264,266,0
S79-776,COL,132,136,0,156,156,0,166,170,0,203,213,217,279,279,0,192,192,0,331,356,0,173,175,0,268,268,0,284,292,294,242,244,0,264,266,0
S80-777,COL,136,136,0,156,156,0,166,170,0,203,213,217,279,279,0,192,192,0,331,356,0,173,175,0,268,270,0,284,292,294,242,244,0,264,266,0
S81-778,COL,132,136,0,156,156,0,166,170,0,203,213,217,279,279,0,192,192,0,331,356,0,173,175,0,268,268,0,284,292,294,242,244,0,264,266,0
S82-780,COL,132,136,0,156,156,0,166,170,0,203,213,217,279,279,0,192,192,0,331,356,0,173,175,0,268,268,0,284,292,294,242,244,0,264,266,0
S83-781,COL,132,136,0,156,156,0,166,170,0,203,213,217,279,279,0,192,192,0,331,356,0,173,175,0,268,270,0,284,292,294,242,244,0,264,266,0
S84-783,COL,136,136,0,156,156,0,166,170,0,203,213,217,279,279,0,192,192,0,331,356,0,173,175,0,268,270,0,284,292,294,242,244,0,264,266,0
S85-785,COL,136,136,0,154,156,0,166,170,0,203,213,217,279,279,0,192,192,0,331,356,0,173,175,0,268,270,0,284,292,294,242,244,0,264,266,0
S86-792,COL,140,144,0,156,156,0,166,170,0,203,213,217,279,279,0,192,192,0,331,356,0,173,175,0,268,268,0,284,292,294,242,244,0,264,266,0
S87-795,COL,132,136,0,156,156,0,166,170,0,203,213,217,279,279,0,192,192,0,331,356,0,173,175,0,268,268,0,284,292,294,242,244,0,264,266,0
S88-800,COL,132,136,0,156,156,0,166,170,0,203,213,217,279,279,0,192,192,0,331,356,0,173,175,0,268,268,0,284,294,0,242,244,0,264,266,0
S89-801,COL,136,136,0,156,156,0,166,170,0,205,213,217,270,279,0,192,192,0,341,356,0,173,175,0,268,270,0,284,294,0,242,244,0,264,266,0
S90-805,COL,132,136,0,156,160,0,166,170,0,203,213,217,279,279,0,192,192,0,331,356,0,173,175,0,268,268,0,284,292,296,242,244,0,264,266,0
S91-806,COL,136,136,0,156,156,0,166,170,0,205,213,217,270,279,0,192,192,0,341,356,0,173,175,0,268,270,0,284,294,0,242,244,0,264,266,0
S92-808,COL,136,136,0,156,156,0,166,170,0,205,213,217,270,279,0,192,192,0,341,356,0,173,175,0,268,270,0,284,294,0,242,244,0,264,266,0
S93-815,COL,136,136,0,156,156,0,166,170,0,203,213,217,279,279,0,192,192,0,331,356,0,173,175,0,268,270,0,284,292,294,242,244,0,264,266,0
S94-816,COL,136,136,0,156,156,0,166,170,0,203,213,217,279,279,0,192,192,0,331,356,0,173,175,0,268,268,0,284,292,294,242,244,0,264,266,0
S95-817,COL,136,136,0,156,156,0,166,170,0,203,213,217,279,279,0,192,192,0,331,356,0,173,175,0,268,270,0,284,292,294,242,244,0,264,266,0
S96-821,COL,136,136,0,156,156,0,166,170,0,203,213,217,279,279,0,192,192,0,331,356,0,173,175,0,268,270,0,284,292,294,242,244,0,264,266,0
S97-823,COL,136,136,0,156,156,0,166,170,0,203,213,217,279,279,0,192,192,0,331,356,0,173,175,0,268,270,0,284,292,294,242,244,0,264,266,0
S98-826,COL,132,136,0,156,156,0,166,170,0,203,213,217,279,279,0,192,192,0,331,356,0,173,175,0,268,268,0,284,294,0,242,244,0,264,266,0
S99-827,COL,132,136,0,156,156,0,166,170,0,203,213,217,279,279,0,192,192,0,331,356,0,173,175,0,268,268,0,284,294,0,242,244,0,264,266,0
S100-828,COL,132,136,0,156,156,0,166,170,0,203,213,217,279,279,0,192,192,0,331,356,0,173,175,0,264,268,0,284,292,294,242,244,0,264,266,0
S101-830,COL,132,136,0,156,156,0,166,170,0,203,213,217,279,279,0,192,192,0,331,356,0,173,175,0,268,268,0,284,294,0,242,244,0,264,266,0
S102-833,COL,136,136,0,156,156,0,166,170,0,203,213,217,279,279,0,192,192,0,331,356,0,173,175,0,268,270,0,284,294,0,242,244,0,264,266,0
S103-835,COL,132,136,0,156,156,0,166,170,0,203,213,217,279,279,0,192,192,0,331,356,0,173,173,0,268,268,0,284,292,294,242,244,0,264,266,0
S104-836,COL,132,136,0,156,156,0,166,170,0,203,213,217,279,279,0,192,192,0,331,356,0,173,175,0,268,268,0,284,292,294,242,244,0,264,266,0
S105-838,COL,136,136,0,156,156,0,166,170,0,203,213,217,279,279,0,192,192,0,331,356,0,173,175,0,268,270,0,284,292,298,242,244,0,264,266,0
S106-839,COL,136,136,0,156,156,0,166,170,0,203,213,217,279,279,0,192,192,0,331,356,0,173,175,0,268,270,0,284,292,294,242,244,0,264,266,0
S107-843,COL,136,136,0,156,156,0,166,170,0,203,213,217,279,279,0,192,192,0,331,356,0,173,175,0,268,268,0,284,292,294,242,244,0,264,266,0
S108-844,COL,132,136,0,156,156,0,166,170,0,203,213,217,279,279,0,192,192,0,331,356,0,173,175,0,268,270,0,284,292,294,242,244,0,264,266,0
S109-845,COL,136,136,0,156,156,0,166,170,0,203,213,217,279,279,0,192,192,0,331,356,0,173,175,0,268,270,0,284,292,294,242,244,0,264,266,0
S110-846,COL,136,140,0,152,156,0,166,170,0,203,213,217,279,279,0,192,192,0,331,356,0,173,175,0,268,270,0,284,292,294,242,244,0,264,266,0
S111-847,COL,136,136,0,156,156,0,166,170,0,203,213,217,279,279,0,192,192,0,331,356,0,173,175,0,268,270,0,284,292,294,242,244,0,264,266,0
S112-848,COL,136,136,0,156,156,0,166,170,0,203,213,217,279,279,0,192,192,0,331,356,0,173,175,0,268,270,0,284,292,294,242,244,0,264,266,0
S113-849,COL,136,136,0,156,156,0,166,170,0,203,213,217,279,279,0,192,192,0,331,356,0,173,175,0,268,270,0,284,292,294,242,244,0,264,266,0
S114-850,COL,136,136,0,156,156,0,166,170,0,203,213,217,279,279,0,192,192,0,331,356,0,173,175,0,268,270,0,284,292,294,242,244,0,264,266,0
S115-852,COL,132,136,0,156,156,0,166,170,0,203,213,217,279,279,0,192,192,0,331,356,0,173,175,0,268,268,0,284,292,296,242,244,0,264,266,0
S116-859,COL,136,136,0,156,156,0,166,170,0,203,213,217,279,279,0,192,192,0,331,356,0,173,175,0,268,270,0,284,292,294,242,244,0,264,266,0
S117-860,COL,134,136,0,156,158,0,166,170,0,203,213,217,279,279,0,192,192,0,331,356,0,173,175,0,266,268,0,284,292,308,242,244,0,264,266,0
S118-861,COL,136,136,0,156,156,0,166,170,0,203,213,217,279,279,0,192,192,0,331,356,0,173,175,0,268,270,0,284,292,294,242,244,0,264,266,0
S119-862,COL,134,136,0,156,158,0,166,170,0,203,213,217,279,279,0,192,192,0,331,356,0,173,175,0,266,268,0,284,292,308,242,244,0,264,266,0
S120-865,COL,136,136,0,156,156,0,166,170,0,203,213,217,279,279,0,192,192,0,331,356,0,173,175,0,268,270,0,284,292,294,242,244,0,264,266,0
S121-866,COL,136,144,0,156,156,0,166,170,0,203,213,217,279,279,0,192,192,0,331,356,0,173,175,0,268,268,0,284,292,296,242,244,0,264,266,0
S122-MODC_107,COL,132,136,0,156,156,0,166,170,0,203,213,217,279,279,0,192,192,0,331,356,0,173,175,0,268,268,0,284,292,294,242,244,0,264,266,0
S123-518,COL,136,136,0,156,156,0,166,170,0,213,217,0,279,279,0,192,192,0,331,356,0,173,175,0,268,268,0,284,292,294,242,244,0,264,266,0
S124-600,COL,132,136,0,156,156,0,166,170,0,213,217,0,279,279,0,192,192,0,331,356,0,173,175,0,268,268,0,284,292,294,242,244,0,264,266,0
S125-612,COL,132,136,0,156,156,0,166,170,0,213,217,0,279,279,0,192,192,0,331,356,0,173,175,0,268,268,0,284,292,294,242,244,0,264,266,0
S126-613,COL,132,136,0,156,156,0,166,170,0,213,217,0,279,279,0,192,192,0,331,356,0,173,175,0,268,268,0,284,292,294,242,244,0,264,266,0
S127-646,COL,132,136,0,156,156,0,166,170,0,213,217,0,279,279,0,192,192,0,331,356,0,173,175,0,268,268,0,284,292,296,242,244,0,264,266,0
S128-715,COL,132,136,0,156,156,0,166,170,0,213,217,0,279,279,0,192,192,0,331,356,0,173,175,0,268,268,0,284,292,296,242,244,0,264,266,0
S129-767,COL,136,136,0,156,156,0,166,170,0,213,217,0,279,279,0,192,192,0,331,356,0,173,175,0,268,268,0,284,292,294,242,244,0,264,266,0
S130-767,COL,136,136,0,156,156,0,166,170,0,213,217,0,279,279,0,192,192,0,331,356,0,173,175,0,268,268,0,284,292,294,242,244,0,264,266,0
S131-872,COL,132,136,0,156,156,0,166,170,0,213,217,0,279,279,0,192,192,0,331,356,0,173,175,0,268,268,0,284,292,294,242,244,0,264,266,0
S132-874,COL,132,136,0,156,156,0,166,170,0,213,217,0,279,279,0,192,192,0,331,356,0,173,175,0,268,268,0,284,294,0,242,244,0,264,266,0
S134-958,COL,132,136,0,156,156,0,166,170,0,213,217,0,279,279,0,192,192,0,331,356,0,173,175,0,268,268,0,284,294,0,242,244,0,264,266,0
S135-992,COL,132,136,0,156,156,0,166,170,0,213,217,0,279,279,0,192,192,0,331,356,0,173,175,0,268,268,0,284,292,294,242,244,0,264,266,0
S136-1038,COL,132,136,0,156,156,0,166,170,0,213,217,0,279,279,0,192,192,0,331,356,0,173,175,0,268,268,0,284,294,0,242,244,0,264,266,0
S137-1038,COL,132,136,0,156,156,0,166,170,0,213,217,0,279,279,0,192,192,0,331,356,0,173,175,0,268,268,0,284,294,0,242,244,0,264,266,0
S138-1047,COL,132,136,0,156,156,0,166,170,0,213,217,0,279,279,0,192,192,0,331,356,0,173,175,0,268,268,0,284,292,294,242,244,0,264,266,0
S139-1062,COL,132,136,0,156,156,0,166,170,0,213,217,0,279,279,0,192,192,0,331,356,0,173,175,0,268,268,0,284,292,294,242,244,0,264,266,0
S140-1104,COL,132,136,0,156,156,0,166,170,0,213,217,0,279,279,0,192,192,0,331,356,0,173,175,0,268,268,0,284,292,294,242,244,0,264,266,0
S141-1106,COL,132,136,0,156,156,0,166,170,0,213,217,0,279,279,0,192,192,0,331,356,0,173,175,0,268,268,0,284,292,294,242,244,0,264,266,0
S142-1111,COL,132,136,0,156,156,0,166,170,0,213,217,0,279,279,0,192,192,0,331,356,0,173,175,0,268,268,0,284,292,294,242,244,0,264,266,0
S143-1126,COL,136,136,0,156,156,0,166,170,0,213,217,0,279,279,0,192,192,0,331,356,0,173,175,0,268,268,0,284,292,296,242,244,0,264,266,0
S144-112X,COL,132,136,0,156,156,0,166,170,0,213,217,0,279,279,0,192,192,0,331,356,0,173,175,0,268,268,0,284,292,294,242,244,0,264,266,0
S145-1079,COL,132,136,0,156,156,0,166,170,0,213,217,0,279,279,0,192,192,0,331,356,0,173,175,0,268,268,0,284,292,294,242,244,0,264,266,0
S146-1090,COL,132,136,0,156,156,0,166,170,0,213,217,0,279,279,0,192,192,0,331,356,0,173,175,0,268,268,0,284,292,296,242,244,0,264,266,0
S147-1106,COL,132,136,0,156,156,0,166,170,0,213,217,0,279,279,0,192,192,0,331,356,0,173,175,0,268,268,0,284,292,294,242,244,0,264,266,0
S148-1130,COL,132,136,0,154,156,0,166,170,0,213,217,0,279,279,0,192,192,0,331,356,0,173,175,0,268,268,0,284,292,294,242,244,0,264,266,0
S149-1137,COL,132,136,0,154,156,0,166,170,0,213,217,0,279,279,0,192,192,0,331,356,0,173,175,0,268,268,0,284,292,294,242,244,0,264,266,0
S150-1146,COL,132,136,0,154,156,0,166,170,0,213,217,0,279,279,0,192,192,0,331,356,0,173,175,0,268,268,0,284,292,294,242,244,0,264,266,0
S151-1150,COL,118,136,0,156,156,0,166,170,0,213,217,0,279,279,0,192,192,0,331,356,0,173,175,0,268,268,0,284,292,296,242,244,0,264,266,0
S152-1158,COL,132,136,0,156,156,0,166,170,0,213,217,0,279,279,0,192,192,0,331,356,0,173,175,0,268,268,0,284,292,294,242,244,0,264,266,0
S153-1163,COL,136,140,0,156,156,0,166,170,0,213,217,0,279,279,0,192,192,0,331,356,0,173,175,0,268,270,0,284,292,0,242,244,0,264,266,0
S154-1178,COL,136,136,0,156,156,0,166,170,0,213,217,0,279,279,0,192,192,0,331,356,0,173,175,0,268,268,0,284,292,296,242,244,0,264,266,0
S155-1193,COL,136,136,0,156,156,0,166,170,0,213,217,0,279,279,0,192,192,0,331,356,0,173,175,0,268,268,0,284,292,296,242,244,0,264,266,0
S156-1193,COL,132,136,0,156,156,0,166,170,0,213,217,0,279,279,0,192,192,0,331,356,0,173,175,0,268,268,0,284,292,294,242,244,0,264,266,0
S157-1224,COL,132,136,0,156,156,0,166,170,0,213,217,0,279,279,0,192,192,0,331,356,0,173,175,0,268,268,0,284,292,294,242,244,0,264,266,0
S158-1224,COL,136,136,0,156,156,0,166,170,0,213,217,0,279,279,0,192,192,0,331,356,0,173,175,0,268,268,0,284,292,300,242,244,0,264,266,0
S159-1251,COL,136,136,0,152,156,0,166,170,0,213,217,0,279,279,0,192,192,0,331,356,0,173,175,0,268,268,0,284,292,298,242,244,0,264,266,0
S160-1288,COL,136,140,0,156,156,0,166,170,0,213,217,0,279,279,0,192,192,0,331,356,0,173,175,0,268,268,0,284,292,0,242,244,0,264,266,0
S161-BJDC_95,COL,140,146,0,156,160,0,166,170,0,203,213,217,279,279,0,192,192,0,331,356,0,173,175,0,268,268,0,284,292,294,242,244,0,264,266,0
S162-BJDC_95,COL,132,136,0,154,156,0,166,170,0,203,213,217,279,279,0,192,192,0,331,356,0,173,175,0,268,268,0,284,292,294,242,244,0,264,266,0
S163-SUPP_337,COL,132,136,0,156,156,0,166,170,0,203,213,217,279,279,0,192,192,0,331,356,0,173,175,0,268,268,0,284,292,294,242,244,0,264,266,0
S164-SUPP_339,COL,132,136,0,156,156,0,166,170,0,203,213,217,279,279,0,192,192,0,331,356,0,173,175,0,268,268,0,284,294,0,242,244,0,264,266,0
S165-644,COL,132,136,0,156,156,0,166,170,0,203,213,217,279,279,0,192,192,0,331,356,0,173,175,0,268,268,0,284,292,296,242,244,0,264,266,0
S166-646,COL,132,136,0,156,156,0,166,170,0,203,213,217,279,279,0,192,192,0,331,356,0,173,175,0,268,268,0,284,292,296,242,244,0,264,266,0
S167-673,COL,132,136,0,156,156,0,166,170,0,203,213,217,279,279,0,192,192,0,331,356,0,173,175,0,268,268,0,284,292,296,242,244,0,264,266,0
S168-714,COL,132,136,0,156,156,0,166,170,0,203,213,217,279,279,0,192,192,0,331,356,0,173,175,0,268,268,0,284,292,296,242,244,0,264,266,0
S169-730,COL,132,136,0,156,156,0,166,170,0,203,213,217,279,279,0,192,192,0,331,356,0,173,175,0,268,268,0,284,292,296,242,244,0,264,266,0
S170-738,COL,132,136,0,156,156,0,166,170,0,203,213,217,279,279,0,192,192,0,331,356,0,173,175,0,268,268,0,284,292,296,242,244,0,264,266,0
S171-746,COL,132,136,0,156,156,0,166,170,0,203,213,217,279,279,0,192,192,0,331,356,0,173,175,0,268,268,0,284,292,296,242,244,0,264,266,0
S172-808,COL,136,138,0,156,156,0,166,170,0,203,213,217,279,279,0,192,192,0,331,356,0,173,175,0,268,268,0,284,292,298,242,244,0,264,266,0
S173-833,COL,136,136,0,156,156,0,166,170,0,203,213,217,279,279,0,192,192,0,331,356,0,173,175,0,268,270,0,284,292,298,242,244,0,264,266,0
S174-908,COL,132,136,0,156,156,0,166,170,0,203,213,217,279,279,0,192,192,0,331,356,0,173,175,0,268,268,0,284,292,294,242,244,0,264,266,0
S175-936,COL,136,136,0,156,156,0,166,170,0,203,213,217,279,279,0,192,192,0,331,356,0,173,175,0,268,268,0,284,292,294,242,244,0,264,266,0
S278-916,COL,132,136,0,156,156,0,166,170,0,203,213,217,279,279,0,192,192,0,331,356,0,173,175,0,268,268,0,284,292,294,242,244,0,264,266,0
S279-1215,COL,132,142,0,154,156,0,166,170,0,203,213,217,279,279,0,192,192,0,331,356,0,173,175,0,268,268,0,284,292,294,242,244,0,264,266,0
S280-1228,COL,132,136,0,156,156,0,166,170,0,203,213,217,279,279,0,192,192,0,331,356,0,173,175,0,268,268,0,284,292,294,242,244,0,264,266,0
S281-12,COL,140,144,0,156,156,0,166,170,0,205,213,217,279,279,0,192,192,0,331,356,0,173,175,0,268,268,0,284,292,0,244,244,0,266,266,0
S282-38,COL,140,144,0,156,156,0,166,170,0,205,213,217,279,279,0,192,192,0,331,356,0,173,175,0,268,268,0,284,292,0,244,244,0,266,266,0
S283-77,COL,140,144,0,156,170,0,166,170,0,205,213,217,279,279,0,192,192,0,331,356,0,173,175,0,268,268,0,284,292,0,244,244,0,266,266,0
S284-84,COL,140,144,0,156,170,0,166,170,0,205,213,217,279,279,0,192,192,0,356,356,0,173,175,0,268,268,0,284,292,0,244,244,0,266,266,0
S285-95,COL,140,146,0,156,160,0,166,170,0,205,213,217,279,279,0,192,192,0,331,356,0,173,175,0,268,268,0,284,292,0,244,244,0,266,266,0
S286-62,COL,140,146,0,156,156,0,166,170,0,205,213,217,279,279,0,192,192,0,331,356,0,173,175,0,268,268,0,284,292,0,244,244,0,266,266,0
S287-105,COL,140,144,0,156,156,0,166,170,0,205,213,217,279,279,0,192,192,0,331,356,0,173,175,0,268,268,0,284,292,0,244,244,0,266,266,0
S288-120,COL,140,142,0,156,156,0,166,170,0,205,213,217,279,279,0,192,192,0,331,356,0,173,175,0,268,268,0,284,292,0,244,244,0,266,266,0
S289-121,COL,140,144,0,156,170,0,166,170,0,205,213,217,279,279,0,192,192,0,331,356,0,173,175,0,268,268,0,284,292,0,244,244,0,266,266,0
S290-131,COL,140,144,0,156,156,0,166,170,0,205,213,217,279,279,0,192,192,0,331,356,0,173,175,0,268,268,0,284,292,0,244,244,0,266,266,0
S291-135,COL,140,144,0,156,170,0,166,170,0,205,213,217,279,279,0,192,192,0,331,356,0,173,175,0,268,268,0,284,292,0,244,244,0,266,266,0
S292-147,COL,132,136,0,156,170,0,166,170,0,205,213,217,279,279,0,192,192,0,331,356,0,173,175,0,268,268,0,284,292,0,244,244,0,266,266,0
S293-160,COL,140,144,0,156,156,0,166,170,0,205,213,217,279,279,0,192,192,0,331,356,0,173,175,0,268,268,0,284,292,0,244,244,0,266,266,0
S294-166,COL,140,144,0,156,170,0,166,170,0,205,213,217,279,279,0,192,192,0,331,356,0,173,175,0,268,268,0,284,292,0,244,244,0,266,266,0
S295-168,COL,140,144,0,156,156,0,166,170,0,205,213,217,279,279,0,192,192,0,331,356,0,173,175,0,268,268,0,284,292,0,244,244,0,266,266,0
S296-267,COL,140,144,0,156,170,0,166,170,0,205,213,217,279,279,0,192,192,0,331,356,0,173,175,0,268,268,0,284,292,0,244,244,0,266,266,0
S297-307,COL,132,136,0,156,170,0,166,170,0,205,213,217,279,279,0,192,192,0,331,356,0,173,175,0,268,268,0,284,294,0,244,244,0,266,266,0
S298-310,COL,132,136,0,156,156,0,166,170,0,205,213,217,279,279,0,192,192,0,331,356,0,173,175,0,268,268,0,284,292,0,244,244,0,266,266,0
S299-326,COL,136,136,0,156,156,0,166,170,0,205,213,217,279,279,0,192,192,0,331,356,0,173,175,0,268,268,0,284,292,0,244,244,0,266,266,0
S300-334,COL,132,136,0,156,170,0,166,170,0,205,213,217,279,279,0,192,192,0,331,356,0,173,175,0,268,268,0,284,292,0,244,244,0,266,266,0
S301-337,COL,132,136,0,154,156,0,166,170,0,205,213,217,279,279,0,192,192,0,331,356,0,173,175,0,268,268,0,284,292,0,244,244,0,266,266,0
S302-339,COL,132,136,0,156,156,0,166,170,0,205,213,217,279,279,0,192,192,0,331,356,0,173,175,0,268,268,0,284,292,0,244,244,0,266,266,0
S303-422,COL,132,136,0,156,156,0,166,170,0,205,213,217,279,279,0,192,192,0,331,356,0,173,175,0,268,268,0,284,294,0,244,244,0,266,266,0
S304-434,COL,132,136,0,156,156,0,166,170,0,205,213,217,279,279,0,192,192,0,331,356,0,173,173,0,268,268,0,284,296,0,244,244,0,266,266,0
S305-518,COL,136,136,0,156,156,0,166,170,0,205,213,217,279,279,0,192,192,0,331,356,0,173,175,0,268,268,0,284,292,0,244,244,0,266,266,0
S306-552,COL,132,136,0,156,156,0,166,170,0,205,213,217,279,279,0,192,192,0,331,356,0,173,175,0,268,268,0,284,294,0,244,244,0,266,266,0
S307-572,COL,132,136,0,156,156,0,166,170,0,205,213,217,279,279,0,189,192,0,331,356,0,173,175,0,268,268,0,284,292,0,244,244,0,266,266,0
S308-600,COL,132,136,0,156,156,0,166,170,0,205,213,217,279,279,0,192,192,0,331,356,0,173,175,0,268,268,0,284,292,0,244,244,0,266,266,0
S309-606,COL,132,136,0,156,156,0,166,170,0,205,213,217,279,279,0,192,192,0,331,356,0,173,175,0,268,268,0,284,294,0,244,244,0,266,266,0
S310-612,COL,132,136,0,156,156,0,166,170,0,205,213,217,279,279,0,192,192,0,331,356,0,173,175,0,268,268,0,284,292,0,244,244,0,266,266,0
S311-613,COL,132,136,0,156,156,0,166,170,0,205,213,217,279,279,0,192,192,0,331,356,0,173,175,0,268,268,0,284,292,0,244,244,0,266,266,0
CH-10,MEX ,140,140,0,208,208,0,166,170,0,217,221,0,279,279,0,189,189,0,341,356,0,173,175,0,258,258,0,292,292,0,240,254,0,260,260,0
CH-17,MEX ,138,140,0,208,208,0,166,170,0,217,217,0,279,279,0,189,189,0,341,356,0,173,175,0,258,268,0,290,290,0,240,254,0,260,260,0
CH-25,MEX ,140,140,0,208,208,0,166,170,0,217,217,0,279,279,0,189,189,0,341,356,0,173,175,0,258,268,0,290,290,0,240,254,0,260,260,0
J11,MEX ,108,136,0,156,210,0,166,170,0,213,213,0,273,279,0,189,192,0,331,356,0,173,173,0,266,266,0,284,284,0,244,244,0,264,266,0
J12,MEX ,144,144,0,156,156,0,166,170,0,213,213,0,279,279,0,192,192,0,341,341,0,173,173,0,266,266,0,294,296,0,244,244,0,260,260,0
Mich7002,MEX ,110,110,0,0,0,0,166,170,0,213,217,0,279,279,0,189,192,0,356,356,0,173,175,0,268,270,0,284,304,0,242,244,0,264,264,0
Mich7005,MEX ,144,228,230,148,148,0,168,168,0,213,213,0,273,279,0,192,192,0,341,356,0,173,175,0,268,268,0,284,290,0,244,244,0,264,266,0
Mich7006,MEX ,108,136,0,156,156,0,166,170,0,205,217,0,279,279,0,192,192,0,341,356,0,173,175,0,266,270,0,284,296,0,242,242,0,260,264,0
Mich7007,MEX ,108,142,0,156,156,0,166,170,0,205,205,0,279,279,0,192,192,0,331,356,0,173,173,0,266,266,0,284,296,0,236,244,0,260,260,0
Mich7008,MEX ,108,228,230,156,164,0,166,170,0,213,213,0,273,273,0,192,192,0,341,356,0,173,175,0,266,268,0,284,284,0,242,244,0,264,264,0
Mich7012,MEX ,110,110,0,156,156,0,168,168,0,213,217,0,273,279,0,192,192,0,356,356,0,173,175,0,266,268,0,294,296,0,236,244,0,266,266,0
Mich7014,MEX ,146,146,0,202,202,0,168,168,0,213,213,0,273,279,0,192,192,0,341,356,0,173,175,0,264,268,0,290,294,0,242,242,0,260,266,0
Mich7019,MEX ,110,110,0,170,170,0,166,170,0,213,217,0,279,279,0,189,192,0,356,356,0,173,175,0,270,270,0,304,304,0,242,244,0,264,264,0
Mich7029,MEX ,108,108,0,164,164,0,168,168,0,213,213,0,273,273,0,192,192,0,356,356,0,173,173,0,264,266,0,290,290,0,244,244,0,260,266,0
Mich7030,MEX ,108,108,0,154,154,0,166,170,0,205,217,0,279,279,0,192,192,0,356,356,0,173,173,0,258,266,0,284,290,0,242,242,0,260,264,0
Mich7034,MEX ,228,230,136,154,164,0,166,170,0,205,205,0,279,279,0,189,192,0,341,356,0,173,173,0,266,268,0,284,302,0,242,244,0,260,260,0
Mich7035,MEX ,108,108,0,156,156,0,166,170,0,217,225,0,279,279,0,192,192,0,341,356,0,173,173,0,266,266,0,290,300,0,244,244,0,260,260,0
Mich7039,MEX ,144,144,0,164,164,0,166,170,0,213,213,0,279,279,0,192,192,0,356,356,0,173,173,0,258,258,0,284,290,0,242,242,0,260,266,0
Mich7041,MEX ,110,110,0,156,164,0,168,168,0,215,215,0,273,273,0,192,192,0,331,356,0,173,173,0,264,264,0,288,304,0,242,242,0,260,264,0
Mich7043,MEX ,228,230,0,164,202,0,166,170,0,213,217,0,279,279,0,192,192,0,356,356,0,173,173,0,268,268,0,284,284,0,246,246,0,260,264,0
Mich7045,MEX ,110,110,0,156,156,0,166,170,0,217,217,0,273,279,0,192,192,0,356,356,0,173,173,0,266,268,0,284,300,0,244,244,0,264,264,0
Mich7047,MEX ,228,230,0,156,156,0,166,166,0,213,217,0,279,279,0,192,192,0,341,341,0,173,173,0,268,268,0,284,304,0,242,242,0,264,266,0
Mich7055,MEX ,110,110,0,156,156,0,166,170,0,213,217,0,279,279,0,192,192,0,356,356,0,173,175,0,266,268,0,284,306,0,236,244,0,264,264,0
Mich7056,MEX ,108,228,230,160,164,0,166,170,0,213,213,0,273,273,0,192,192,0,341,356,0,173,173,0,268,268,0,284,290,0,242,242,0,264,264,0
Mich7057,MEX ,108,110,0,156,164,0,166,166,0,217,217,0,279,279,0,189,192,0,356,356,0,173,173,0,258,266,0,284,290,0,244,244,0,260,260,0
Mich7058,MEX ,108,110,0,156,162,0,166,166,0,217,217,0,279,279,0,189,192,0,356,356,0,173,173,0,258,266,0,284,290,0,244,244,0,260,260,0
Mich7059,MEX ,110,110,0,156,164,0,166,170,0,205,213,0,279,279,0,192,192,0,341,356,0,173,173,0,268,270,0,284,290,0,244,244,0,260,264,0
Mich7060,MEX ,108,140,0,154,156,0,168,168,0,205,215,0,273,279,0,192,192,0,356,356,0,173,173,0,258,264,0,284,284,0,244,244,0,264,264,0
Mich7061,MEX ,108,228,230,164,164,0,166,170,0,213,217,0,273,279,0,192,192,0,356,356,0,173,175,0,266,268,0,284,284,0,242,244,0,264,266,0
Mich7062,MEX ,108,108,0,156,156,0,168,168,0,217,217,0,279,279,0,192,192,0,356,356,0,173,173,0,266,266,0,290,290,0,244,244,0,264,264,0
Mich7063,MEX ,108,108,0,156,156,0,168,168,0,217,217,0,279,279,0,192,192,0,356,356,0,173,173,0,266,266,0,290,290,0,244,244,0,264,264,0
Mich7068,MEX ,110,110,0,156,156,0,166,170,0,205,213,0,273,279,0,192,192,0,356,356,0,173,175,0,268,268,0,284,292,0,244,244,0,260,264,0
Mich7071,MEX ,110,110,0,156,156,0,166,170,0,205,213,0,273,279,0,192,192,0,356,356,0,173,175,0,268,268,0,284,292,0,244,244,0,260,264,0
Mich7072,MEX ,108,110,0,202,202,0,166,170,0,213,217,0,273,273,0,192,192,0,356,356,0,173,175,0,264,268,0,290,294,0,236,244,0,260,264,0
Mich7075,MEX ,110,110,0,156,156,0,166,170,0,205,213,0,273,279,0,192,192,0,356,356,0,173,175,0,268,268,0,284,292,0,244,244,0,260,264,0
Mich7077,MEX ,110,110,0,162,162,0,168,168,0,213,217,0,273,279,0,192,192,0,356,356,0,173,173,0,268,268,0,284,290,0,242,244,0,260,266,0
Mich7082,MEX ,110,110,0,156,156,0,166,170,0,205,213,0,273,279,0,192,192,0,356,356,0,173,175,0,268,268,0,284,292,0,244,244,0,260,264,0
Mich7084,MEX ,110,110,0,162,162,0,168,168,0,213,217,0,273,279,0,192,192,0,356,356,0,173,173,0,268,268,0,284,290,0,242,244,0,260,266,0
Mich7089,MEX ,108,108,0,134,134,0,166,170,0,213,217,0,279,279,0,192,192,0,341,356,0,173,173,0,266,266,0,284,284,0,236,242,0,260,264,0
Mich7095,MEX ,228,230,0,154,202,0,166,170,0,213,213,0,273,279,0,192,192,0,341,356,0,173,175,0,268,268,0,290,296,0,242,244,0,260,264,0
PA-5,MEX ,228,230,0,156,164,0,166,170,0,205,205,0,279,279,0,192,192,0,356,356,0,173,173,0,266,270,0,288,310,0,244,244,0,260,266,0
PUE-10,MEX ,108,140,0,154,154,0,166,170,0,209,225,0,270,279,0,192,192,0,356,356,0,173,173,0,266,268,0,284,290,0,244,244,0,260,266,0
PUE-16,MEX ,140,140,0,154,154,0,166,170,0,225,225,0,270,279,0,189,192,0,341,356,0,173,173,0,268,268,0,284,284,0,244,244,0,260,266,0
PUE-3,MEX ,140,140,0,156,156,0,166,170,0,209,225,0,270,279,0,189,192,0,341,356,0,173,175,0,268,268,0,284,290,0,244,244,0,260,266,0
PUE-38,MEX ,108,140,0,154,156,0,166,170,0,209,225,0,270,279,0,189,192,0,341,356,0,173,173,0,266,268,0,284,290,0,244,244,0,260,266,0
PUE-41,MEX ,144,144,0,154,156,0,166,170,0,209,225,0,270,279,0,189,192,0,341,356,0,173,173,0,268,268,0,284,290,0,244,244,0,260,266,0
T50,MEX ,168,168,0,156,206,0,170,170,0,213,217,0,270,279,0,189,192,0,356,356,0,173,175,0,258,266,0,288,294,0,244,244,0,260,260,0
T81,MEX ,0,0,0,162,216,0,166,166,0,209,213,217,270,279,0,189,192,0,341,341,0,173,177,0,264,268,0,290,290,0,244,244,0,260,264,0
Tlax701,MEX ,190,190,0,162,162,0,170,170,0,213,213,0,279,279,0,192,192,0,341,356,0,173,173,0,268,270,0,290,296,0,244,250,0,260,260,0
Tlax703,MEX ,180,182,0,154,162,0,170,170,0,213,217,0,273,279,0,192,192,0,341,341,0,173,177,0,266,266,0,288,288,0,244,244,0,260,266,0
Tlax704,MEX ,190,190,0,162,162,0,170,170,0,213,213,0,279,279,0,192,192,0,341,356,0,173,173,0,270,270,0,290,296,0,244,250,0,260,260,0
Tlax705,MEX ,112,136,0,206,206,0,170,170,0,213,217,223,279,279,0,192,192,0,341,356,0,173,173,0,262,268,0,290,290,0,244,244,0,266,266,0
Tlax708,MEX ,0,0,0,154,166,0,170,170,0,209,225,0,273,279,0,192,192,0,341,356,0,175,175,0,258,268,0,290,294,0,244,250,0,264,264,0
Tlax709,MEX ,190,190,0,162,162,0,170,170,0,213,213,0,279,279,0,192,192,0,341,356,0,173,173,0,268,270,0,290,296,0,244,250,0,260,260,0
Tlax710,MEX ,172,172,0,162,162,0,170,170,0,213,213,0,273,279,0,189,192,0,356,356,0,173,177,0,268,270,0,288,288,0,244,244,0,260,272,0
Tlax712,MEX ,190,190,0,162,162,0,170,170,0,213,213,0,279,279,0,192,192,0,341,356,0,173,173,0,270,270,0,290,296,0,244,250,0,260,260,0
Tlax713,MEX ,136,136,0,162,162,0,166,170,0,213,213,0,279,279,0,192,192,0,341,341,0,175,175,0,262,266,0,290,290,0,244,244,0,266,266,0
Tlax714,MEX ,180,182,0,154,162,0,170,170,0,213,217,0,273,279,0,192,192,0,341,341,0,173,177,0,258,266,0,288,288,0,244,244,0,260,266,0
Tlax718,MEX ,144,144,0,156,162,0,170,170,0,209,209,0,270,279,0,189,192,0,341,341,0,173,173,0,268,268,0,288,292,0,244,244,0,260,264,0
Tlax722,MEX ,140,140,0,156,156,0,170,170,0,209,209,0,270,279,0,192,192,0,341,341,0,173,173,0,258,268,0,298,298,0,244,250,0,260,264,0
Tlax723,MEX ,176,178,0,206,206,0,170,170,0,213,213,0,270,270,0,189,192,0,341,341,0,177,177,0,262,262,0,288,290,0,244,244,0,260,260,0
Tlax724,MEX ,176,178,190,156,156,0,170,170,0,209,213,0,270,279,0,192,192,0,341,356,0,173,173,0,266,266,0,290,290,0,244,244,0,264,266,0
Tlax725,MEX ,144,144,0,162,212,0,166,166,0,213,213,0,270,273,0,192,192,0,341,356,0,173,177,0,268,270,0,288,290,0,242,244,0,260,266,0
Tlax728,MEX ,140,140,0,164,164,0,166,170,0,213,217,0,279,279,0,192,192,0,341,341,0,175,177,0,258,268,0,290,290,0,242,244,0,260,266,0
Tlax729,MEX ,176,178,0,162,162,0,166,170,0,209,213,0,273,279,0,192,192,0,341,341,0,173,173,0,268,270,0,288,294,0,244,244,0,266,266,0
Tlax731,MEX ,144,144,0,156,156,0,168,168,0,209,213,0,273,273,0,189,192,0,341,356,0,173,173,0,268,270,0,292,292,0,242,244,0,266,272,0
Tlax732,MEX ,136,174,176,160,160,0,166,170,0,213,213,0,273,279,0,189,189,0,341,341,0,173,173,0,258,268,0,294,294,0,240,244,0,264,266,0
Tlax737,MEX ,176,178,0,156,160,0,166,170,0,213,213,0,273,279,0,192,192,0,341,356,0,173,173,0,268,270,0,294,308,0,244,250,0,260,260,0
US467_US-8,USA,112,112,0,156,156,0,166,170,0,213,225,0,279,279,0,192,192,0,341,356,0,173,173,0,266,268,0,284,294,0,244,244,0,260,266,0
US110028_US-11,USA,110,110,0,134,156,0,166,170,0,213,213,0,279,279,0,192,192,0,331,341,0,173,173,0,258,266,268,284,294,308,244,244,0,264,266,0
US110160_US-11,USA,110,110,0,134,156,0,166,170,0,213,213,0,279,279,0,192,192,0,331,341,0,173,173,0,258,266,268,284,294,304,244,244,0,264,266,0
US940494_US-12,USA,144,148,0,134,156,0,166,170,0,213,213,0,279,279,0,192,192,0,331,356,0,173,173,0,258,266,0,284,294,0,244,256,0,264,264,0
Pi-001-01_US-14,USA,108,112,0,156,156,0,166,170,0,225,225,0,279,279,0,192,192,0,341,356,0,173,173,0,266,266,0,288,294,0,244,244,0,260,266,0
IMK-213_US-20,USA,108,108,0,134,156,0,166,170,0,213,213,0,279,279,0,192,192,0,356,356,0,173,173,0,258,266,0,284,288,0,244,244,0,266,266,0
NC04-6_US-20,USA,108,108,0,134,156,0,166,170,0,213,213,0,279,279,0,192,192,0,356,356,0,173,173,0,258,266,0,284,288,0,244,244,0,264,266,0
NC07-19_014_US-21,USA,110,110,0,134,134,0,166,170,0,217,217,0,279,279,0,192,192,0,341,341,0,173,173,0,268,268,0,288,296,0,244,244,0,260,260,0
NC07-19_040_US-21,USA,110,110,0,134,134,0,168,168,0,217,217,0,279,279,0,192,192,0,341,341,0,173,173,0,268,268,0,288,296,0,244,244,0,260,260,0
US110070_US-22,USA,214,214,0,134,156,0,166,170,0,213,213,0,279,279,0,192,195,0,341,341,0,173,175,0,266,268,0,296,296,0,242,244,246,260,264,0
US110041_US-23,USA,136,210,0,142,156,206,170,170,0,213,217,0,279,270,0,192,192,0,331,341,0,173,175,0,266,268,270,288,296,0,244,244,0,260,266,0
US110047_US-23,USA,136,210,0,142,156,206,170,170,0,213,217,0,279,270,0,192,192,0,331,341,0,173,175,0,268,270,0,288,294,296,244,244,0,260,266,0
US110059_US-23,USA,136,210,0,142,156,206,170,170,0,213,213,0,279,270,0,192,192,0,331,341,0,173,173,0,266,268,270,288,294,296,244,244,0,260,266,0
US110021_US-24,USA,108,112,0,156,160,0,166,170,0,217,225,0,279,279,0,192,195,0,341,356,0,173,173,0,268,268,0,284,288,298,244,244,0,260,266,0
US110022_US-24,USA,108,112,0,156,156,0,166,170,0,217,225,0,279,279,0,192,195,0,341,356,0,173,173,0,268,268,0,284,288,298,244,244,0,260,266,0
US110153_US-24,USA,108,112,0,156,156,0,166,170,0,217,225,0,279,279,0,192,195,0,341,356,0,173,173,0,268,268,0,284,288,298,244,244,0,260,266,0
CA-10-1_US-8,USA,108,112,0,156,156,0,166,170,0,213,225,0,279,279,0,192,192,0,341,356,0,173,173,0,266,268,0,284,288,294,244,244,0,260,266,0
US100048_US-8,USA,108,112,0,134,156,0,166,170,0,213,225,0,279,279,0,192,192,0,341,356,0,173,175,0,266,268,0,284,294,296,244,244,0,260,264,0
US110063_US-8,USA,108,112,0,160,160,0,166,170,0,213,225,0,279,279,0,192,192,0,356,356,0,173,173,0,266,268,0,284,288,296,244,244,0,260,266,0
G-14,MEX,110,110,0,164,164,0,166,170,0,209,213,0,273,273,0,189,192,0,356,356,0,173,173,0,268,268,0,288,292,0,242,244,0,260,264,0
Jag6,MEX,210,212,0,0,0,0,168,168,0,209,209,0,270,270,0,189,189,0,356,356,0,175,175,0,258,266,0,288,292,0,244,244,0,264,264,0
Zac-20,MEX,110,110,0,156,156,0,166,170,0,213,217,0,279,279,0,192,192,0,356,356,0,173,175,0,266,268,0,284,306,0,236,244,0,264,264,0
Zac-6,MEX,148,210,212,152,210,0,166,170,0,213,213,0,279,279,0,189,192,0,341,356,0,173,173,0,266,270,0,284,284,0,244,244,0,260,266,0
EU_13_001,UK,136,154,0,154,160,0,166,170,0,205,213,0,273,279,0,192,192,0,341,341,0,173,173,0,266,268,0,284,294,0,240,244,0,260,266,0
EU_13_002,UK,136,140,154,154,160,0,166,170,0,205,213,0,273,279,0,192,192,0,341,341,0,173,173,0,266,268,0,284,294,0,240,244,0,260,266,0
EU_13_003,UK,136,158,0,154,160,0,166,170,0,205,213,0,273,279,0,192,192,0,341,341,0,173,173,0,266,268,0,284,294,0,240,244,0,260,266,0
EU_13_004,UK,136,152,0,154,160,0,166,170,0,205,213,0,273,279,0,192,192,0,341,341,0,173,173,0,266,268,0,284,294,0,240,244,0,260,266,0
EU_13_005,UK,136,154,0,154,160,164,166,170,0,205,213,0,273,279,0,192,192,0,341,341,0,173,173,0,266,268,0,284,294,0,240,244,0,260,266,0
EU_13_006,UK,134,140,154,154,160,0,166,170,0,205,213,0,273,279,0,192,192,0,341,341,0,173,173,0,266,268,0,284,294,0,240,244,0,260,266,0
EU_13_007,UK,136,154,0,154,160,0,166,170,0,205,213,0,273,279,0,190,192,0,341,341,0,173,173,0,266,268,0,284,294,0,240,244,0,260,266,0
EU_13_008,UK,134,154,0,154,160,0,166,170,0,205,213,0,273,279,0,192,192,0,341,341,0,173,173,0,266,268,0,284,294,0,240,244,0,260,266,0
EU_13_009,UK,134,136,154,154,160,0,166,170,0,205,213,0,273,279,0,192,192,0,341,341,0,173,173,0,266,268,0,284,294,0,240,244,0,260,266,0
EU_13_010,UK,136,160,0,154,160,0,166,170,0,205,213,0,273,279,0,192,192,0,341,341,0,173,173,0,266,268,0,284,294,0,240,244,0,260,266,0
EU_13_011,UK,132,136,154,154,160,0,166,170,0,205,213,0,273,279,0,192,192,0,341,341,0,173,173,0,266,268,0,284,294,0,240,244,0,260,266,0
EU_13_012,UK,134,136,154,154,158,160,166,170,0,205,213,0,273,279,0,192,192,0,341,341,0,173,173,0,266,268,0,284,294,0,240,244,0,260,266,0
EU_13_013,UK,136,148,0,154,160,0,166,170,0,205,213,0,273,279,0,192,192,0,341,341,0,173,173,0,266,268,0,284,294,0,240,244,0,260,266,0
EU_13_014,UK,132,136,158,154,160,0,166,170,0,205,213,0,273,279,0,192,192,0,341,341,0,173,173,0,266,268,0,284,294,0,240,244,0,260,266,0
EU_13_015,UK,136,156,0,154,160,0,166,170,0,205,213,0,273,279,0,192,192,0,341,341,0,173,173,0,266,268,0,284,294,0,240,244,0,260,266,0
EU_13_016,UK,136,138,158,154,160,0,166,170,0,205,213,0,273,279,0,192,192,0,341,341,0,173,173,0,266,268,0,284,294,0,240,244,0,260,266,0
EU_13_017,UK,136,154,0,154,158,160,166,170,0,205,213,0,273,279,0,192,192,0,341,341,0,173,173,0,266,268,0,284,294,0,240,244,0,260,266,0
EU_13_018,UK,136,136,0,154,160,0,166,170,0,205,213,0,273,279,0,192,192,0,341,341,0,173,173,0,266,268,0,284,294,0,240,244,0,260,266,0
EU_13_019,UK,136,164,166,154,160,0,166,170,0,205,213,0,273,279,0,192,192,0,341,341,0,173,173,0,266,268,0,284,294,0,240,244,0,260,266,0
EU_13_020,UK,140,154,0,154,160,0,166,170,0,205,213,0,273,279,0,192,192,0,341,341,0,173,173,0,266,268,0,284,294,0,240,244,0,260,266,0
Var2,BRA ,136,136,0,152,154,204,160,166,170,219,219,0,270,273,279,192,195,0,341,356,0,173,173,0,268,270,0,288,291,293,242,244,0,260,264,266
Var3,BRA ,136,136,0,152,154,206,160,166,170,219,219,0,270,273,279,192,195,0,331,341,356,173,173,0,268,270,0,288,291,293,242,244,0,260,264,266
Var4,BRA ,136,136,0,152,154,206,160,166,170,219,219,0,270,273,279,192,195,0,341,356,0,173,173,0,268,270,0,288,291,293,242,244,0,260,264,266
Var6,BRA ,136,136,0,152,154,206,160,166,170,219,219,0,273,279,0,192,195,0,341,356,0,173,173,0,268,270,0,288,291,293,242,244,0,260,264,266
Var7,BRA ,136,136,0,152,154,206,160,166,170,219,219,0,270,273,279,192,195,0,341,356,0,173,173,0,268,270,0,290,293,0,242,244,0,260,264,266
Var8,BRA ,136,136,0,152,154,204,160,166,170,219,219,0,270,273,279,192,195,0,331,341,356,173,173,0,268,270,0,288,291,293,242,244,0,260,264,266
Var9,BRA ,136,140,0,152,154,206,160,166,170,219,219,0,270,273,279,192,195,0,331,341,356,173,173,0,268,270,0,288,291,293,242,244,0,260,264,266
Var12,BRA ,136,136,0,152,154,206,160,166,170,219,219,0,270,273,279,192,195,0,341,356,0,173,173,0,268,270,0,290,293,0,242,242,0,260,264,266
Var13,BRA ,136,140,0,152,154,206,160,166,170,219,219,0,270,273,279,192,195,0,341,356,0,173,173,0,268,270,0,288,291,293,242,244,0,260,264,266
Var14,BRA ,136,136,0,152,154,206,166,170,0,219,219,0,270,273,279,192,195,0,341,356,0,173,173,0,268,270,0,290,293,0,242,244,0,260,264,266
VK98014,BRA ,136,136,0,154,156,206,166,170,0,217,217,0,148,151,157,192,195,0,341,356,0,173,173,0,258,268,0,288,290,292,242,244,0,260,264,266
Var11,BRA ,136,142,0,150,152,200,160,168,170,213,219,0,270,273,279,189,192,0,341,356,0,173,177,0,264,266,268,284,287,293,242,244,0,266,266,0
VK1_4,BRA ,140,140,0,152,156,200,166,170,0,213,217,0,148,151,157,189,192,0,341,356,0,173,177,0,266,266,0,288,290,0,244,244,0,266,266,0
