"Id","Lineage","D13","G11","Pi04","Pi4B","Pi63","Pi70","SSR11","SSR2","Pi02","SSR4","SSR6","SSR8"
"PVM021","query","0/136/134","156/156/0","166/170/0","217/205/209","279/279/0","192/192/0","331/356/0","173/175/0","268/268/0","284/292/294","242/244/0","264/266/0"
"S163-SUPP_337","query","0/136/132","156/156/0","166/170/0","217/213/203","279/279/0","192/192/0","331/356/0","173/175/0","268/268/0","284/292/294","242/244/0","264/266/0"
"S143-1126","query","0/136/136","156/156/0","166/170/0","217/213/0","279/279/0","192/192/0","331/356/0","173/175/0","268/268/0","284/292/296","242/244/0","264/266/0"
"PHCA086","query","0/136/138","156/156/0","166/170/0","217/205/209","279/279/0","192/192/0","331/356/0","173/175/0","268/268/0","284/292/294","242/244/0","264/266/0"
"PHU017-FTA","query","0/136/134","156/156/0","166/170/0","217/205/209","279/0/270","192/192/0","331/356/0","173/175/0","268/268/0","284/292/294","242/244/0","264/266/0"
"PAN029","query","0/136/134","156/156/0","166/170/0","217/205/209","279/279/0","192/192/0","331/356/0","173/175/0","268/268/0","284/292/294","242/244/0","264/266/0"
"PPI078","query","0/136/136","156/156/0","166/170/0","217/205/213","279/279/0","192/192/0","331/356/0","173/175/0","268/268/0","284/292/294","242/244/0","264/266/0"
"PJU031","query","0/136/138","156/156/0","166/170/0","217/205/209","279/279/0","192/192/0","331/356/0","173/175/0","268/0/270","284/292/294","242/244/0","264/266/0"
"S246-915","query","0/136/132","156/156/0","166/170/0","217/213/203","279/279/0","192/192/0","331/356/0","173/175/0","268/268/0","284/292/294","242/244/0","264/266/0"
"S15-936","query","0/136/136","156/156/0","166/170/0","217/213/0","279/279/0","192/192/0","331/356/0","173/175/0","268/268/0","284/292/294","242/244/0","264/266/0"
"PCZ180","query","0/136/134","156/156/0","166/170/0","217/205/213","279/279/0","192/192/0","331/356/0","173/175/0","268/268/0","284/292/296","242/244/0","264/266/0"
"S211-919","query","0/136/132","156/156/0","166/170/0","217/213/203","279/279/0","192/192/0","331/356/0","173/175/0","268/268/0","284/292/294","242/244/0","264/266/0"
"PHU089","query","0/136/134","156/156/0","166/170/0","217/205/209","279/279/0","192/192/0","331/356/0","173/175/0","268/268/0","284/292/294","242/244/0","264/266/0"
"PCZ029-FTA","query","0/136/134","156/156/0","166/170/0","217/205/213","279/0/270","192/192/0","331/356/0","173/175/0","268/268/0","284/292/296","242/244/0","264/266/0"
"PJU014-FTA","query","0/136/134","156/156/0","166/170/0","217/205/209","279/279/0","192/192/0","331/356/0","173/175/0","268/268/0","284/292/294","242/244/0","264/266/0"
"PCZ021-FTA","query","0/136/134","156/0/160","166/170/0","217/205/213","279/279/0","192/192/0","331/356/0","173/175/0","268/0/266","284/292/296","242/244/0","264/266/0"
"PAN023","query","0/136/134","156/156/0","166/170/0","217/205/213","279/279/0","192/192/0","331/356/0","173/175/0","268/268/0","284/292/294","242/244/0","264/266/0"
"PHCA087","query","0/136/138","156/156/0","166/170/0","217/205/209","279/279/0","192/192/0","331/356/0","173/175/0","268/268/0","284/292/294","242/244/0","264/266/0"
"PLL014-FTA","query","136/144/142","156/156/0","166/170/0","205/213/221","279/0/270","192/192/0","331/356/0","173/175/0","268/268/0","284/294/298","242/244/0","264/266/0"
"PCA031-FTA","query","0/136/140","156/156/0","166/170/0","205/213/0","279/279/0","192/192/0","331/356/0","173/175/0","268/268/0","284/296/0","242/244/0","264/266/0"
"S278-916","query","0/136/132","156/156/0","166/170/0","217/213/203","279/279/0","192/192/0","331/356/0","173/175/0","268/268/0","284/292/294","242/244/0","264/266/0"
"PCZ015-FTA","query","0/136/134","156/156/0","166/170/0","217/205/213","279/0/270","192/192/0","331/356/0","173/175/0","268/268/0","284/292/296","242/244/0","264/266/0"
"PJU029","query","0/136/134","156/156/0","166/170/0","217/205/209","0/270/270","192/192/0","331/356/0","173/175/0","268/268/0","284/292/294","242/244/0","264/266/0"
"S172-808","query","0/136/138","156/156/0","166/170/0","217/213/203","279/279/0","192/192/0","331/356/0","173/175/0","268/268/0","284/292/298","242/244/0","264/266/0"
"PCA076","query","0/136/136","156/156/0","166/170/0","217/205/213","279/279/0","192/192/0","331/356/0","173/175/0","268/268/0","284/292/294","242/244/0","264/266/0"
"PAMA028-FTA","query","0/136/140","156/156/0","166/166/0","205/213/221","279/279/0","192/192/0","331/356/0","173/175/0","268/268/0","284/294/296","242/244/0","264/266/0"
"S94-816","query","0/136/136","156/156/0","166/170/0","217/213/203","279/279/0","192/192/0","331/356/0","173/175/0","268/268/0","284/292/294","242/244/0","264/266/0"
"S249-1189","query","0/136/132","156/156/0","166/170/0","217/213/203","279/279/0","192/192/0","331/356/0","173/175/0","268/268/0","284/292/298","242/244/0","264/266/0"
"PAN036-FTA","query","0/136/138","156/156/0","166/170/0","217/205/209","279/279/0","192/192/0","331/356/0","173/175/0","268/268/0","284/292/294","242/244/0","264/266/0"
"S223-937","query","0/136/136","156/156/0","166/170/0","217/213/203","279/279/0","192/192/0","331/356/0","173/173/0","268/268/0","284/292/294","242/244/0","264/266/0"
"PHU012-FTA","query","0/136/134","156/156/0","166/170/0","217/205/209","279/279/0","192/192/0","331/356/0","173/175/0","268/268/0","284/292/294","242/244/0","264/266/0"
"PPI069","query","0/136/136","156/156/0","166/170/0","217/205/213","279/279/0","192/192/0","331/356/0","173/175/0","268/268/0","284/292/294","242/244/0","264/266/0"
"PPA033","query","0/136/134","156/156/0","166/170/0","217/205/213","279/0/270","192/192/0","331/356/0","173/175/0","268/268/0","284/292/294","242/244/0","264/266/0"
"PHCA076-FTA","query","0/136/140","156/156/0","166/170/0","217/205/209","279/279/0","192/192/0","331/356/0","173/175/0","268/0/270","284/292/294","242/244/0","264/266/0"
"PCZ229","query","0/136/134","156/156/0","166/170/0","217/205/213","279/279/0","192/192/0","331/356/0","173/175/0","268/268/0","284/294/296","242/244/0","264/266/0"
"PCO012-FTA","query","0/136/134","156/156/0","166/170/0","217/205/209","279/279/0","192/192/0","331/356/0","173/173/0","268/0/266","284/292/294","242/244/0","264/266/0"
"S359-1179","query","0/136/144","156/0/176","166/170/0","217/205/213","279/279/0","192/192/0","331/356/0","173/175/0","268/268/0","284/292/0","242/244/0","266/266/0"
"PPI011-FTA","query","0/136/136","156/156/0","166/170/0","217/205/213","279/279/0","192/192/0","331/356/0","173/175/0","268/268/0","284/292/294","242/244/0","264/266/0"
"PAN044-FTA","query","0/136/134","156/156/0","166/170/0","217/205/209","279/279/0","192/192/0","331/356/0","173/175/0","268/268/0","284/292/294","242/244/0","264/266/0"
"PAN035","query","0/136/138","156/156/0","166/170/0","217/205/209","279/279/0","192/192/0","331/356/0","173/175/0","268/268/0","284/292/294","242/244/0","264/266/0"
"PAMA017-FTA","query","0/136/148","156/156/0","166/166/0","205/213/221","279/279/0","192/192/0","331/356/0","173/175/0","268/268/0","284/294/296","242/244/0","264/266/0"
"PHU022-FTA","query","0/136/134","156/156/0","166/170/0","217/205/209","279/279/0","192/192/0","331/356/0","173/175/0","268/268/0","284/292/302","242/244/0","264/266/0"
"PLL012-FTA","query","0/140/140","156/156/0","166/170/0","205/213/221","279/279/0","192/192/0","331/356/0","173/175/0","268/268/0","284/294/296","242/244/0","264/266/0"
"PHCA068-FTA","query","0/136/134","156/0/160","166/170/0","217/205/209","279/279/0","192/192/0","331/356/0","173/175/0","268/268/0","284/292/296","242/244/0","264/266/0"
"PAN003-FTA","query","0/134/140","156/156/0","166/170/0","217/205/209","279/279/0","192/192/0","331/356/0","173/175/0","268/268/0","284/292/294","242/244/0","264/266/0"
"PHU001","query","0/136/134","156/156/0","166/170/0","217/205/213","279/279/0","192/192/0","331/356/0","173/175/0","268/268/0","284/292/294","242/244/0","264/266/0"
"PHCA100","query","0/136/138","156/156/0","166/170/0","217/205/209","279/279/0","192/192/0","331/356/0","173/175/0","268/268/0","284/292/294","242/244/0","264/266/0"
"S22-BJDC_28","query","0/144/140","156/156/0","166/170/0","217/213/203","279/279/0","192/192/0","331/356/0","173/175/0","268/268/0","284/292/294","242/244/0","264/266/0"
"S60-692","query","0/136/134","156/0/158","166/170/0","217/213/203","279/279/0","192/192/0","331/356/0","173/175/0","268/268/0","284/292/308","242/244/0","264/266/0"
"S204-1005","query","0/136/132","156/156/0","166/170/0","217/213/203","279/279/0","192/192/0","331/356/0","173/175/0","268/268/0","284/292/294","242/244/0","264/266/0"
"PPI026-FTA","query","0/136/134","156/156/0","166/170/0","217/205/213","279/0/270","192/192/0","331/356/0","175/175/0","268/0/266","284/292/298","242/244/0","264/266/0"
"PCA074","query","0/136/140","156/156/0","166/170/0","205/213/221","279/279/0","192/192/0","331/356/0","173/175/0","268/268/0","284/294/296","242/244/0","264/266/0"
"S9-730","query","0/136/132","156/156/0","166/170/0","217/213/0","279/279/0","192/192/0","331/356/0","173/175/0","268/268/0","284/292/296","242/244/0","264/266/0"
"PAN033","query","0/136/138","156/156/0","166/170/0","217/205/209","279/279/0","192/192/0","331/356/0","173/175/0","268/268/0","284/292/294","242/244/0","264/266/0"
"PAN035-FTA","query","0/136/136","156/0/160","166/170/0","217/205/213","279/279/0","192/192/0","331/356/0","173/175/0","268/268/0","284/294/296","242/244/0","264/266/0"
"PAMA006-FTA","query","0/132/140","156/156/0","166/170/0","205/213/221","279/279/0","192/192/0","331/356/0","173/175/0","268/0/266","284/294/296","242/244/0","264/266/0"
"PHCA055-FTA","query","0/136/140","156/156/0","166/170/0","217/205/209","279/279/0","192/192/0","331/356/0","173/175/0","268/0/270","284/292/294","242/244/0","264/266/0"
"PPI083","query","0/136/132","156/156/0","166/170/0","217/205/213","279/279/0","192/192/0","331/356/0","173/175/0","268/268/0","284/292/294","242/244/0","264/266/0"
"PHCA111","query","0/136/138","156/156/0","166/170/0","217/205/209","279/279/0","192/192/0","331/356/0","173/175/0","268/268/0","284/292/294","242/244/0","264/266/0"
"PCO021-FTA","query","0/136/134","0/160/154","166/170/0","217/205/209","279/279/0","192/192/0","331/356/0","173/175/0","268/268/0","284/292/294","242/244/0","264/266/0"
"PAN039","query","0/136/134","156/156/0","166/170/0","217/205/209","279/279/0","192/192/0","331/356/0","173/175/0","268/268/0","284/292/294","242/244/0","264/266/0"
"PPI032-FTA","query","0/136/136","156/156/0","166/170/0","217/205/213","279/279/0","192/192/0","331/356/0","173/175/0","268/268/0","284/292/294","242/244/0","264/266/0"
"PPI023-FTA","query","0/136/136","156/156/0","166/170/0","217/205/213","279/279/0","192/192/0","331/356/0","173/175/0","268/268/0","284/292/294","242/244/0","264/266/0"
"S52-652","query","0/134/140","156/156/0","166/170/0","217/213/203","279/279/0","192/192/0","331/356/0","173/175/0","268/268/0","284/292/294","242/244/0","264/266/0"
"PAMA007","query","0/140/140","156/156/0","166/170/0","217/205/213","279/279/0","192/192/0","331/356/0","173/175/0","268/268/0","284/292/296","242/244/0","264/266/0"
"PHU030-FTA","query","0/136/134","156/156/0","166/170/0","217/205/209","279/0/270","192/192/0","331/356/0","173/175/0","268/268/0","284/292/294","242/244/0","264/266/0"
"PCO039-FTA","query","0/136/134","156/156/0","166/170/0","217/205/209","279/279/0","192/192/0","331/356/0","173/175/0","268/0/266","284/292/294","242/244/0","264/266/0"
"S355-1175","query","0/136/170","156/156/0","166/170/0","217/205/213","279/279/0","192/192/0","331/356/0","173/175/0","268/268/0","284/292/0","244/244/0","266/266/0"
"S53-654","query","0/136/140","156/156/0","166/170/0","217/213/203","279/279/0","192/192/0","331/356/0","173/175/0","268/268/0","284/292/294","242/244/0","264/266/0"
"S269-1106","query","0/136/132","156/156/0","166/170/0","217/213/203","279/279/0","192/192/0","331/356/0","173/175/0","268/268/0","284/292/294","242/244/0","264/266/0"
"PPI095","query","0/136/132","156/156/0","166/170/0","217/205/213","279/279/0","192/192/0","331/356/0","173/175/0","268/268/0","284/292/294","242/244/0","264/266/0"
"S333-1153","query","0/136/144","156/0/170","166/170/0","217/205/213","279/279/0","192/192/0","331/356/0","173/175/0","268/268/0","284/292/0","244/244/0","266/266/0"
"PJU027","query","0/136/134","156/156/0","166/170/0","217/205/209","279/279/0","192/192/0","331/356/0","173/175/0","268/268/0","284/292/294","242/244/0","264/266/0"
"PCZ182","query","0/134/142","156/156/0","166/170/0","217/205/213","279/279/0","192/192/0","331/356/0","173/175/0","268/268/0","284/292/294","242/244/0","264/266/0"
"PPI068","query","0/136/136","156/156/0","166/170/0","217/205/213","279/279/0","192/192/0","331/356/0","173/175/0","268/268/0","284/292/294","242/244/0","264/266/0"
"PLL022-FTA","query","0/140/140","156/156/0","166/170/0","205/213/221","279/279/0","192/192/0","331/356/0","173/175/0","268/268/0","284/294/296","242/244/0","264/266/0"
"S294-166","query","0/144/140","156/0/170","166/170/0","217/205/213","279/279/0","192/192/0","331/356/0","173/175/0","268/268/0","284/292/0","244/244/0","266/266/0"
"S120-865","query","0/136/136","156/156/0","166/170/0","217/213/203","279/279/0","192/192/0","331/356/0","173/175/0","268/0/270","284/292/294","242/244/0","264/266/0"
"S248-1008","query","0/136/136","156/156/0","166/170/0","217/213/203","279/279/0","192/192/0","331/356/0","173/175/0","268/268/0","284/292/294","242/244/0","264/266/0"
"S156-1193","query","0/136/132","156/156/0","166/170/0","217/213/0","279/279/0","192/192/0","331/356/0","173/175/0","268/268/0","284/292/294","242/244/0","264/266/0"
"S167-673","query","0/136/132","156/156/0","166/170/0","217/213/203","279/279/0","192/192/0","331/356/0","173/175/0","268/268/0","284/292/296","242/244/0","264/266/0"
"S329-1149","query","0/136/144","156/0/170","166/170/0","217/205/213","279/279/0","192/192/0","331/356/0","173/175/0","268/268/0","284/292/0","244/244/0","266/266/0"
"PJU010-FTA","query","0/136/134","156/156/0","166/170/0","217/205/209","279/279/0","192/192/0","331/356/0","173/175/0","268/268/0","284/292/294","242/244/0","264/266/0"
"PHCA122","query","0/136/138","156/156/0","166/170/0","217/205/209","279/279/0","192/192/0","331/356/0","173/175/0","268/268/0","284/292/294","242/244/0","264/266/0"
"S98-826","query","0/136/132","156/156/0","166/170/0","217/213/203","279/279/0","192/192/0","331/356/0","173/175/0","268/268/0","284/294/0","242/244/0","264/266/0"
"PHCA109","query","0/136/138","156/156/0","166/170/0","217/205/209","279/279/0","192/192/0","331/356/0","173/175/0","268/0/270","284/292/294","242/244/0","264/266/0"
"PCZ183","query","0/136/134","156/156/0","166/170/0","217/205/213","279/279/0","192/192/0","331/356/0","173/175/0","268/268/0","284/292/296","242/244/0","264/266/0"
"PAMA011","query","0/136/136","156/156/0","166/166/0","217/205/213","279/279/0","192/192/0","331/356/0","173/175/0","268/268/0","284/292/294","242/244/0","264/266/0"
"PHCA085","query","0/136/138","156/156/0","166/170/0","217/205/209","279/279/0","192/192/0","331/356/0","173/175/0","268/0/270","284/292/294","242/244/0","264/266/0"
"PHCA076","query","0/136/138","156/156/0","166/170/0","217/205/209","279/279/0","192/192/0","331/356/0","173/175/0","268/268/0","284/292/294","242/244/0","264/266/0"
"S160-1288","query","0/136/140","156/156/0","166/170/0","217/213/0","279/279/0","192/192/0","331/356/0","173/175/0","268/268/0","284/292/0","242/244/0","264/266/0"
"S130-767","query","0/136/136","156/156/0","166/170/0","217/213/0","279/279/0","192/192/0","331/356/0","173/175/0","268/268/0","284/292/294","242/244/0","264/266/0"
"PAN020-FTA","query","0/136/138","156/156/0","166/170/0","217/205/209","279/279/0","192/192/0","331/356/0","173/175/0","268/268/0","284/292/294","242/244/0","264/266/0"
"S100-828","query","0/136/132","156/156/0","166/170/0","217/213/203","279/279/0","192/192/0","331/356/0","173/175/0","268/0/264","284/292/294","242/244/0","264/266/0"
"PHU031-FTA","query","0/136/134","156/156/0","166/170/0","217/205/209","279/279/0","192/192/0","331/356/0","173/175/0","268/268/0","284/292/302","242/244/0","264/266/0"
"PHCA095","query","0/136/138","156/156/0","166/170/0","217/205/209","279/279/0","192/192/0","331/356/0","173/175/0","268/268/0","284/292/294","242/244/0","264/266/0"
"PPA002","query","0/136/134","156/156/0","166/170/0","217/205/213","279/279/0","192/192/0","331/356/0","173/175/0","268/268/0","284/292/294","242/244/0","264/266/0"
"PAN051-FTA","query","0/136/134","156/156/0","166/170/0","217/205/209","279/279/0","192/192/0","331/356/0","173/175/0","268/268/0","284/292/294","242/244/0","264/266/0"
"PAMA030-FTA","query","0/140/140","156/156/0","166/170/0","205/213/221","279/279/0","192/192/0","331/356/0","173/175/0","268/268/0","284/294/296","242/244/0","264/266/0"
"PAN010-FTA","query","0/134/140","156/156/0","166/170/0","217/205/209","279/279/0","192/192/0","331/356/0","173/175/0","268/268/0","284/292/294","242/244/0","264/266/0"
"PAN054-FTA","query","0/136/134","156/156/0","166/170/0","217/205/209","279/279/0","192/192/0","331/356/0","173/175/0","268/268/0","284/292/294","242/244/0","264/266/0"
"S2-SUPP_337","query","0/136/132","156/0/154","166/170/0","217/213/0","279/279/0","192/192/0","331/356/0","173/175/0","268/268/0","284/292/294","242/244/0","264/266/0"
"PAMA041-FTA","query","0/136/136","156/156/0","166/170/0","217/205/213","279/0/270","192/192/0","331/356/0","173/175/0","268/268/0","284/292/296","242/244/0","266/266/0"
"S271-1164","query","0/136/132","156/156/0","166/170/0","217/213/203","279/279/0","192/192/0","331/356/0","173/175/0","268/268/0","284/292/294","242/244/0","264/266/0"
"PLL067","query","0/140/140","156/156/0","166/170/0","205/213/221","279/279/0","192/192/0","331/356/0","173/175/0","268/0/266","284/294/300","242/244/0","264/266/0"
"PAN013-FTA","query","0/134/140","156/156/0","166/170/0","217/205/209","279/279/0","192/192/0","331/356/0","173/175/0","268/268/0","284/292/294","242/244/0","264/266/0"
"PJU001","query","0/136/134","156/156/0","166/170/0","217/205/213","279/279/0","192/192/0","331/356/0","173/175/0","268/268/0","284/292/294","242/244/0","264/266/0"
"PJU050-FTA","query","0/136/134","156/156/0","166/170/0","217/205/209","279/279/0","192/192/0","331/356/0","173/175/0","268/268/0","284/292/0","242/244/0","264/266/0"
"PCZ118","query","0/136/134","156/156/0","166/170/0","217/205/213","279/279/0","192/192/0","331/356/0","173/175/0","268/0/266","284/292/294","242/244/0","264/266/0"
"S86-792","query","0/144/140","156/156/0","166/170/0","217/213/203","279/279/0","192/192/0","331/356/0","173/175/0","268/268/0","284/292/294","242/244/0","264/266/0"
"S237-1161","query","0/136/132","156/0/154","166/170/0","217/213/203","279/279/0","192/192/0","331/356/0","173/175/0","268/268/0","284/292/294","242/244/0","264/266/0"
"S141-1106","query","0/136/132","156/156/0","166/170/0","217/213/0","279/279/0","192/192/0","331/356/0","173/175/0","268/268/0","284/292/294","242/244/0","264/266/0"
"PPI017-FTA","query","0/136/136","156/156/0","166/170/0","217/205/213","279/279/0","192/192/0","331/356/0","173/175/0","268/268/0","284/292/294","242/244/0","264/266/0"
"PJU051-FTA","query","0/136/134","156/156/0","166/170/0","217/205/209","279/279/0","192/192/0","331/356/0","173/175/0","268/0/266","284/292/0","242/244/0","264/266/0"
"S177-1114","query","0/136/132","156/156/0","166/170/0","217/213/203","279/279/0","192/192/0","331/356/0","173/175/0","268/268/0","284/292/294","242/244/0","264/266/0"
"PAMA031-FTA","query","0/136/136","156/156/0","166/170/0","217/205/213","279/279/0","192/192/0","331/356/0","173/175/0","268/268/0","284/292/294","242/244/0","264/266/0"
"PPI013-FTA","query","0/136/136","156/0/154","166/170/0","217/205/213","279/279/0","192/192/0","331/356/0","173/175/0","268/268/0","284/292/294","242/244/0","264/266/0"
"S112-848","query","0/136/136","156/156/0","166/170/0","217/213/203","279/279/0","192/192/0","331/356/0","173/175/0","268/0/270","284/292/294","242/244/0","264/266/0"
"PHCA024","query","0/136/136","156/156/0","166/170/0","217/205/213","279/279/0","192/192/0","331/356/0","173/175/0","268/268/0","284/292/294","242/244/0","264/266/0"
"PHCA115","query","0/136/134","156/0/160","166/170/0","217/205/209","279/279/0","192/192/0","331/356/0","173/175/0","268/268/0","284/292/296","242/244/0","264/266/0"
"PPI004-FTA","query","0/136/136","156/156/0","166/170/0","217/205/213","279/279/0","192/192/0","331/356/0","173/175/0","268/268/0","284/292/294","242/244/0","264/266/0"
"PJU019","query","0/136/134","156/156/0","166/170/0","217/205/209","279/279/0","192/192/0","331/356/0","173/175/0","268/268/0","284/292/294","242/244/0","264/266/0"
"S164-SUPP_339","query","0/136/132","156/156/0","166/170/0","217/213/203","279/279/0","192/192/0","331/356/0","173/175/0","268/268/0","284/294/0","242/244/0","264/266/0"
"PHU050-FTA","query","0/136/134","156/156/0","166/170/0","217/205/209","279/279/0","192/192/0","331/356/0","173/175/0","268/0/266","284/292/294","242/244/0","264/266/0"
"PLL003-FTA","query","0/136/136","156/0/154","166/170/0","217/205/213","279/279/0","192/192/0","331/356/0","173/175/0","268/268/0","284/294/0","242/244/0","264/266/0"
"PJU045-FTA","query","0/136/134","156/156/0","166/170/0","217/205/209","279/279/0","192/192/0","331/356/0","173/175/0","268/0/266","284/292/0","242/244/0","264/266/0"
"S224-1086","query","0/136/132","156/156/0","166/170/0","217/213/203","279/279/0","192/192/0","331/356/0","173/175/0","268/268/0","284/292/294","242/244/0","264/266/0"
"PCZ033-FTA","query","0/136/134","156/156/0","166/170/0","217/205/213","279/279/0","192/192/0","331/356/0","173/175/0","268/268/0","284/294/296","242/244/0","264/266/0"
"S268-925","query","0/136/132","156/156/0","166/170/0","217/213/203","279/279/0","192/192/0","331/356/0","173/175/0","268/268/0","284/294/0","242/244/0","264/266/0"
"PAN027-FTA","query","0/136/138","156/156/0","166/170/0","217/205/209","279/279/0","192/192/0","331/356/0","173/175/0","268/268/0","284/292/294","242/244/0","264/266/0"
"PCO020-FTA","query","0/136/134","156/156/0","166/170/0","217/205/209","279/279/0","192/192/0","331/356/0","173/175/0","268/268/0","284/292/294","242/244/0","264/266/0"
"S134-958","query","0/136/132","156/156/0","166/170/0","217/213/0","279/279/0","192/192/0","331/356/0","173/175/0","268/268/0","284/294/0","242/244/0","264/266/0"
"S16-969","query","0/136/132","156/156/0","166/170/0","217/213/0","279/279/0","192/192/0","331/356/0","173/175/0","268/268/0","284/292/294","242/244/0","264/266/0"
"S226-980","query","0/136/132","156/156/0","166/170/0","217/213/203","279/279/0","192/192/0","331/356/0","173/175/0","268/268/0","284/292/294","242/244/0","264/266/0"
"PPI033-FTA","query","0/136/136","156/156/0","166/170/0","217/205/213","279/279/0","192/192/0","331/356/0","173/175/0","268/268/0","284/292/294","242/244/0","264/266/0"
"PAN012-FTA","query","0/134/140","156/156/0","166/170/0","217/205/209","279/279/0","192/192/0","331/356/0","173/175/0","268/268/0","284/292/294","242/244/0","264/266/0"
"PHCA019-FTA","query","0/134/132","156/156/0","166/170/0","217/205/209","279/279/0","192/192/0","331/356/0","173/175/0","268/268/0","284/292/294","242/244/0","264/266/0"
"PAN014-FTA","query","0/136/134","156/156/0","166/170/0","217/205/209","279/279/0","192/192/0","331/356/0","173/175/0","268/268/0","284/292/294","242/244/0","264/266/0"
"PCO118","query","0/136/134","156/156/0","166/170/0","217/205/209","279/279/0","192/192/0","331/356/0","173/175/0","268/268/0","284/292/296","242/244/0","264/266/0"
"PAN037-FTA","query","0/136/134","156/156/0","166/170/0","217/205/209","279/279/0","192/192/0","331/356/0","173/175/0","268/268/0","284/292/294","242/244/0","264/266/0"
"PHU004-FTA","query","0/136/134","156/156/0","166/170/0","217/205/213","279/279/0","192/192/0","331/356/0","173/175/0","268/0/266","284/292/300","242/244/0","264/266/0"
"S217-1159","query","0/136/132","156/156/0","166/170/0","217/213/203","279/279/0","192/192/0","331/356/0","173/175/0","268/268/0","284/292/294","242/244/0","264/266/0"
"PHCA073-FTA","query","0/136/140","156/156/0","166/170/0","217/205/209","279/279/0","192/192/0","331/356/0","173/175/0","268/0/270","284/292/294","242/244/0","264/266/0"
"PCO032-FTA","query","0/136/134","156/156/0","166/170/0","217/205/209","279/279/0","192/192/0","331/356/0","173/175/0","268/0/266","284/292/294","242/244/0","264/266/0"
"PAN037","query","0/136/134","156/156/0","166/170/0","217/205/209","279/279/0","192/192/0","331/356/0","173/175/0","268/268/0","284/292/294","242/244/0","264/266/0"
"PHU005-FTA","query","0/136/134","156/156/0","166/170/0","217/205/209","279/279/0","192/192/0","331/356/0","173/175/0","268/268/0","284/292/0","242/244/0","266/266/0"
"PPI085","query","0/136/136","156/156/0","166/170/0","217/205/213","279/279/0","192/192/0","331/356/0","173/175/0","268/268/0","284/292/294","242/244/0","264/266/0"
"PJU003-FTA","query","0/136/134","156/156/0","166/170/0","217/205/209","279/279/0","192/192/0","331/356/0","173/175/0","268/268/0","284/292/294","242/244/0","264/266/0"
"PCZ185","query","0/136/134","156/156/0","166/170/0","217/205/213","279/279/0","192/192/0","356/356/0","173/175/0","268/268/0","284/292/296","242/244/0","264/266/0"
"S283-77","query","0/144/140","156/0/170","166/170/0","217/205/213","279/279/0","192/192/0","331/356/0","173/175/0","268/268/0","284/292/0","244/244/0","266/266/0"
"PVM028","query","0/136/134","156/156/0","166/170/0","217/205/213","279/279/0","192/192/0","331/356/0","173/175/0","268/268/0","284/292/294","242/244/0","266/266/0"
"PHCA022","query","0/136/134","156/156/0","166/170/0","217/205/213","279/279/0","192/192/0","331/356/0","173/175/0","268/268/0","284/292/294","242/244/0","264/266/0"
"PCO025-FTA","query","0/136/134","156/156/0","166/170/0","217/205/209","279/279/0","192/192/0","331/356/0","173/175/0","268/268/0","284/292/294","242/244/0","264/266/0"
"S262-857","query","0/136/140","156/156/0","166/170/0","217/213/203","279/279/0","192/192/0","331/356/0","173/175/0","268/0/270","284/292/0","242/244/0","264/266/0"
"AR19032","query","136/134/132","156/154/202","166/170/0","217/217/0","279/270/273","192/0/195","0/341/355","173/173/0","268/0/258","292/290/288","242/244/0","264/266/260"
"CL19017","query","0/136/136","156/154/206","166/170/0","217/217/0","279/270/273","192/0/195","0/341/355","173/173/0","268/0/258","292/290/288","242/244/0","264/266/260"
"AR19047","query","0/138/138","154/202/152","166/170/0","217/217/0","279/270/273","192/0/195","0/341/355","173/173/0","268/266/258","292/290/288","242/244/0","264/266/260"
"PA19027","query","0/138/138","154/152/162","166/170/0","217/213/221","279/270/273","192/0/195","0/341/355","173/175/0","268/0/258","298/290/288","242/244/0","264/266/260"
"CL19056","query","0/136/136","156/154/208","166/170/0","217/217/0","279/270/273","192/0/195","0/341/355","173/173/0","268/0/258","292/290/288","242/244/0","264/266/260"
"PA16002","query","0/136/136","160/154/152","166/170/0","217/213/221","279/270/273","192/0/195","0/341/355","173/175/0","268/258/272","296/290/288","242/244/0","264/266/260"
"AR19071","query","0/138/138","156/154/202","166/170/0","217/217/0","279/270/273","192/0/195","0/341/355","173/173/0","268/0/258","292/290/288","242/244/0","264/266/260"
"AR19046","query","138/142/140","154/206/152","166/170/0","217/217/0","279/270/273","192/0/195","0/341/355","173/173/0","268/266/258","292/290/288","242/244/0","264/266/260"
"PA16003","query","0/136/136","160/154/152","166/170/0","217/213/221","279/270/273","192/0/195","0/341/355","173/175/0","268/258/272","296/290/288","242/244/0","264/266/260"
"PA19026","query","0/140/140","154/152/162","166/170/0","217/213/221","279/270/273","192/0/195","0/341/355","173/175/0","268/0/258","292/290/288","242/244/0","264/266/260"
"PA16004","query","0/136/136","160/154/152","166/170/0","217/213/221","279/270/273","192/0/195","0/341/355","173/175/0","268/258/272","296/290/288","242/244/0","264/266/260"
"AR19088","query","0/138/138","156/154/202","166/170/0","217/217/0","279/270/273","192/0/195","0/341/355","173/173/0","268/0/258","292/290/288","242/244/0","264/266/260"
"CL19010","query","0/136/136","156/154/206","166/170/0","217/217/0","279/270/273","192/0/195","0/341/355","173/173/0","268/0/258","292/290/288","242/244/0","264/266/260"
"AR19066","query","0/138/138","156/154/202","166/170/0","217/217/0","279/270/273","192/0/195","0/341/355","173/173/0","268/0/258","292/290/288","242/244/0","264/266/260"
"CL19009","query","0/136/136","0/154/206","166/170/0","217/217/0","279/270/273","192/0/195","0/341/355","173/173/0","268/0/258","292/290/288","242/244/0","264/266/260"
"AR19069","query","0/138/138","156/154/202","166/170/0","217/217/0","279/270/273","192/0/195","0/341/355","173/173/0","268/0/258","292/290/288","242/244/0","264/266/260"
"AR19096","query","0/138/138","156/154/202","166/170/0","217/217/0","279/270/273","192/0/195","0/341/355","173/173/0","268/0/258","294/290/288","242/244/0","264/266/260"
"AR19089","query","0/138/138","156/154/202","166/170/0","217/217/0","279/270/273","192/0/195","0/341/355","173/173/0","268/0/258","292/290/288","242/244/0","264/266/260"
"AR19068","query","0/138/138","156/154/202","166/170/0","217/217/0","279/270/273","192/0/195","0/341/355","173/173/0","268/0/258","292/290/288","242/244/0","264/266/260"
"CL19007","query","0/136/136","156/154/206","166/170/0","217/217/0","279/270/273","192/0/195","0/341/355","173/173/0","268/0/258","292/290/288","242/244/0","264/266/260"
"CL19036","query","0/136/136","156/154/206","166/170/0","217/217/0","279/270/273","192/0/195","0/341/355","173/173/0","268/0/258","292/290/288","242/244/0","264/266/260"
"CL19027","query","0/136/136","156/154/206","166/170/0","217/217/0","279/270/273","192/0/195","0/341/355","173/173/0","268/0/258","292/290/288","242/244/0","264/266/260"
"AR19016","query","0/138/138","156/154/202","166/170/0","217/217/0","279/270/273","192/0/195","0/341/355","173/173/0","268/0/258","292/290/288","242/244/0","264/266/260"
"AR19041","query","0/136/138","156/154/202","166/170/0","217/217/0","279/270/273","192/0/195","0/341/355","173/173/0","268/266/258","292/290/288","242/244/0","264/266/260"
"CL19053","query","0/136/136","156/154/206","170/0/168","217/217/0","279/270/273","192/0/195","0/341/355","173/173/0","268/0/258","292/290/288","242/244/0","264/266/260"
"AR19082","query","0/138/138","156/158/202","166/170/0","217/217/0","279/270/273","192/0/195","0/341/355","173/173/0","268/0/258","292/290/288","242/244/0","264/266/260"
"PA19006","query","0/138/138","154/152/162","166/170/0","217/213/221","279/270/273","192/0/195","356/0/355","173/175/0","268/0/258","296/290/288","242/244/0","266/0/260"
"CL19006","query","0/136/136","156/154/206","166/170/0","217/217/0","279/270/273","192/0/195","0/341/355","173/173/0","268/0/258","292/290/288","242/244/0","264/266/260"
"PA19012","query","0/136/136","154/152/162","166/170/0","217/213/0","279/270/273","192/0/195","0/341/355","173/175/0","268/0/258","292/290/288","242/244/0","264/266/260"
"CL19021","query","0/136/136","156/154/206","166/170/0","217/217/0","279/270/273","192/0/195","0/341/355","173/173/0","268/0/258","292/290/288","242/244/0","264/266/260"
"CL19019","query","0/136/136","156/154/206","166/170/0","217/217/0","279/270/273","192/0/195","0/341/355","173/173/0","268/0/258","292/290/288","242/244/0","264/266/260"
"PA16001","query","0/136/136","160/154/152","166/170/0","217/213/221","279/270/273","192/0/195","0/341/355","173/175/0","268/258/272","296/290/288","242/244/0","264/266/260"
"AR19056","query","0/142/142","0/154/206","166/170/0","217/217/0","279/270/273","192/0/195","0/341/355","173/173/0","268/0/258","292/290/288","242/244/0","264/266/260"
"AR19054","query","0/138/138","156/154/202","166/170/0","217/217/0","279/270/273","192/0/195","0/341/355","173/173/0","268/0/258","292/290/288","242/244/0","264/266/260"
"AR19036","query","0/138/138","156/154/202","166/170/0","217/217/0","279/270/273","192/0/195","0/341/355","173/173/0","268/0/258","292/290/288","242/244/0","264/266/260"
"PA19028","query","0/136/136","160/154/152","166/170/0","217/213/221","279/270/273","192/0/195","0/341/355","173/175/0","268/0/258","300/290/288","242/244/0","264/266/260"
"AR19062","query","0/138/138","156/154/202","166/170/0","217/217/0","279/270/273","192/0/195","0/341/355","173/173/0","268/0/258","292/290/288","242/244/0","264/266/260"
"PA19018","query","0/140/140","154/152/162","166/170/0","217/213/221","279/270/273","192/0/195","0/341/355","173/175/0","268/0/258","292/290/288","242/244/0","264/266/260"
"CL19033","query","0/136/136","156/154/206","166/170/0","217/217/0","279/270/273","192/0/195","0/341/355","173/173/0","268/0/258","292/290/288","242/244/0","264/266/260"
"CL19031","query","0/136/136","156/154/206","166/170/0","217/217/0","279/270/273","192/0/195","0/341/355","173/173/0","268/0/258","292/290/288","242/244/0","264/266/260"
"CL19002","query","0/136/136","156/154/206","166/170/0","217/217/0","279/270/273","192/0/195","0/341/355","173/173/0","268/0/258","292/290/288","242/244/0","264/266/260"
"AR19006","query","0/138/138","156/154/202","166/170/0","217/217/0","279/270/273","192/0/195","0/341/355","173/173/0","268/0/258","292/290/288","242/244/0","264/266/260"
"AR19075","query","0/138/138","156/154/202","166/170/0","217/217/0","279/270/273","192/0/195","0/341/355","173/173/0","268/0/258","292/290/288","242/244/0","264/266/260"
"AR19070","query","0/138/138","156/154/202","166/170/0","217/217/0","279/270/273","192/0/195","0/341/355","173/173/0","268/0/258","292/290/288","242/244/0","264/266/260"
"AR19097","query","0/138/138","156/154/202","166/170/0","217/217/0","279/270/273","192/0/195","0/341/355","173/173/0","268/0/258","294/290/288","242/244/0","264/266/260"
"AR19002","query","0/138/138","156/154/202","166/170/0","217/217/0","279/270/273","192/0/195","0/341/355","173/173/0","268/0/258","292/290/288","242/244/0","264/266/260"
"AR19008","query","0/138/138","156/154/202","166/170/0","217/217/0","279/270/273","192/0/195","0/341/355","173/173/0","268/0/258","292/290/288","242/244/0","264/266/260"
"AR19004","query","0/138/138","156/154/202","166/170/0","217/217/0","279/270/273","192/0/195","0/341/355","173/173/0","268/0/258","292/290/288","242/244/0","264/266/260"
"CL19041","query","0/136/136","156/154/206","166/170/0","217/217/0","279/270/273","192/0/195","0/341/355","173/173/0","268/0/258","292/290/288","242/244/0","264/266/260"
"AR19048","query","0/138/138","156/154/202","166/170/0","217/217/0","279/270/273","192/0/195","0/341/355","173/173/0","268/266/258","292/290/288","242/244/0","264/266/260"
"AR19034","query","0/138/138","156/154/202","166/170/0","217/217/0","279/270/273","192/0/195","0/341/355","173/173/0","268/0/258","292/290/288","242/244/0","264/266/260"
"AR19093","query","0/138/138","156/154/202","166/170/0","217/217/0","279/270/273","192/0/195","0/341/355","173/173/0","268/0/258","294/290/288","242/244/0","264/266/260"
"AR19012","query","0/138/138","156/154/202","166/170/0","217/217/0","279/270/273","192/0/195","0/341/355","173/173/0","268/0/258","292/290/288","242/244/0","264/266/260"
"CL19047","query","0/136/136","156/154/206","166/170/0","217/217/0","279/270/273","192/0/195","0/341/355","173/173/0","268/0/258","292/290/288","242/244/0","264/266/260"
"CL19016","query","0/136/136","156/154/206","166/170/0","217/217/0","279/270/273","192/0/195","0/341/355","173/173/0","268/0/258","292/290/288","242/244/0","264/266/260"
"PA19025","query","0/138/138","154/152/162","166/170/0","217/213/221","279/270/273","192/0/195","0/341/355","173/175/0","268/0/258","296/290/288","242/244/0","264/266/260"
"CL19020","query","0/136/136","156/154/206","166/170/0","217/217/0","279/270/273","192/0/195","0/341/355","173/173/0","268/0/258","292/290/288","242/244/0","264/266/260"
"CL19013","query","0/136/136","156/154/206","166/170/0","217/217/0","279/270/273","192/0/195","0/341/355","173/173/0","268/0/258","292/290/288","242/244/0","264/266/260"
"CL19049","query","0/136/136","156/154/206","166/170/0","217/217/0","279/270/273","192/0/195","0/341/355","173/173/0","268/0/258","292/290/288","242/244/0","264/266/260"
"AR19059","query","0/138/142","0/154/206","166/170/0","217/217/0","279/270/273","192/0/195","0/341/355","173/173/0","268/0/258","292/290/288","242/244/0","264/266/260"
"CL19014","query","0/136/136","156/154/206","166/170/0","217/217/0","279/270/273","192/0/195","0/341/355","173/173/0","268/0/258","292/290/288","242/244/0","264/266/260"
"CL19039","query","0/136/136","156/154/206","166/170/0","217/217/0","279/270/273","192/0/195","0/341/355","173/173/0","268/0/258","292/290/288","242/244/0","264/266/260"
"AR19009","query","0/138/138","156/154/202","166/170/0","217/217/0","279/270/273","192/0/195","0/341/355","173/173/0","268/0/258","292/290/288","242/244/0","264/266/260"
"AR19079","query","0/138/138","156/154/202","166/170/0","217/217/0","279/270/273","192/0/195","0/341/355","173/173/0","268/0/258","292/290/288","242/244/0","264/266/260"
"AR19061","query","0/142/142","0/154/206","166/170/0","217/217/0","279/270/273","192/0/195","0/341/355","173/173/0","268/0/258","292/290/288","242/244/0","264/266/260"
"CL19011","query","0/136/136","156/154/206","166/170/0","217/217/0","279/270/273","192/0/195","0/341/355","173/173/0","268/0/258","292/290/288","242/244/0","264/266/260"
"CL19018","query","0/136/136","156/154/206","166/170/0","217/217/0","279/270/273","192/0/195","0/341/355","173/173/0","268/0/258","292/290/288","242/244/0","264/266/260"
"AR19057","query","0/142/142","0/154/206","166/170/0","217/217/0","279/270/273","192/0/195","0/341/355","173/173/0","268/0/258","292/290/288","242/244/0","264/266/260"
"CL19042","query","0/136/136","156/154/206","166/170/0","217/217/0","279/270/273","192/0/195","0/341/355","173/173/0","268/0/258","292/290/288","242/244/0","264/266/260"
"AR19038","query","0/138/138","156/154/202","166/170/0","217/217/0","279/270/273","192/0/195","0/341/355","173/173/0","268/0/258","292/290/288","242/244/0","264/266/260"
"AR19025","query","0/138/138","156/154/202","166/170/0","217/217/0","279/270/273","192/0/195","0/341/355","173/173/0","268/0/258","292/290/288","242/244/0","264/266/260"
"AR19085","query","0/138/138","156/154/202","166/170/0","217/217/0","279/270/273","192/0/195","0/341/355","173/173/0","268/0/258","292/290/288","242/244/0","264/266/260"
"AR19080","query","0/138/138","156/202/152","166/170/0","217/217/0","279/270/273","192/0/195","0/341/355","173/173/0","268/0/258","292/290/288","242/244/0","264/266/0"
"CL19034","query","0/136/136","156/154/208","0/168/160","217/217/0","279/270/273","192/0/195","0/341/355","173/173/0","268/0/258","292/0/288","242/244/0","264/266/260"
"CL19005","query","0/136/136","156/154/206","166/170/0","217/217/0","279/270/273","192/0/195","0/341/355","173/173/0","268/0/258","292/290/288","242/244/0","264/266/260"
"CL19043","query","0/136/136","156/154/206","166/170/0","217/217/0","279/270/273","192/0/195","0/341/355","173/173/0","268/0/258","292/290/288","242/244/0","264/266/260"
"AR19077","query","0/138/138","156/154/202","166/170/0","217/217/0","279/270/273","192/0/195","0/341/355","173/173/0","268/0/258","292/290/288","242/244/0","264/266/260"
"AR19090","query","0/138/138","156/154/202","166/170/0","217/217/0","279/270/273","192/0/195","0/341/355","173/173/0","268/0/258","292/290/288","242/244/0","264/266/260"
"CL19032","query","0/136/136","156/154/206","166/170/0","217/217/0","279/270/273","192/0/195","0/341/355","173/173/0","268/0/258","292/290/288","242/244/0","264/266/260"
"AR19094","query","0/138/138","156/154/202","166/170/0","217/217/0","279/270/273","192/0/195","0/341/355","173/173/0","268/0/258","294/290/288","242/244/0","264/266/260"
"AR19099","query","0/138/138","156/154/202","166/170/0","217/217/0","279/270/273","192/0/195","0/341/355","173/173/0","268/0/258","294/290/288","242/244/0","264/266/260"
"PA19020","query","0/140/140","0/152/162","166/170/0","217/213/221","279/270/273","192/0/195","0/341/355","173/175/0","268/0/258","292/290/288","242/244/0","264/266/260"
"AR19028","query","0/138/138","156/154/202","166/170/0","217/217/0","279/270/273","192/0/195","0/341/355","173/173/0","268/0/258","292/290/288","242/244/0","264/266/260"
"CL19029","query","0/136/136","156/154/206","166/170/0","217/217/0","279/270/273","192/0/195","0/341/355","173/173/0","268/0/258","292/290/288","242/244/0","264/266/260"
"PA19029","query","0/136/136","154/152/162","166/170/0","217/213/221","279/270/273","192/0/195","0/341/355","173/175/0","268/0/258","292/290/288","242/244/0","264/266/260"
"CL19048","query","0/136/136","156/154/206","166/170/0","217/217/0","279/270/273","192/0/195","0/341/355","173/173/0","268/0/258","292/290/288","242/244/0","264/266/260"
"CL19040","query","0/136/136","156/154/206","166/170/0","217/217/0","279/270/273","192/0/195","0/341/355","173/173/0","268/0/258","292/290/288","242/244/0","264/266/260"
"CL19028","query","0/136/136","156/154/206","166/170/0","217/217/0","279/270/273","192/0/195","0/341/355","173/173/0","268/0/258","292/290/288","242/244/0","264/266/260"
"AR19003","query","0/138/138","156/154/202","166/170/0","217/217/0","279/270/273","192/0/195","0/341/355","173/173/0","268/0/258","292/290/288","242/244/0","264/266/260"
"AR19072","query","0/138/138","156/154/202","166/170/0","217/217/0","279/270/273","192/0/195","0/341/355","173/173/0","268/0/258","292/290/288","242/244/0","264/266/260"
"CL19008","query","0/136/136","156/154/206","166/170/0","217/217/0","279/270/273","192/0/195","0/341/355","173/173/0","268/258/272","292/290/288","242/244/0","264/266/260"
"AR19015","query","0/138/138","156/154/202","166/170/0","217/217/0","279/270/273","192/0/195","0/341/355","173/173/0","268/0/258","292/290/288","242/244/0","264/266/260"
"PA19044","query","0/138/138","154/152/162","166/170/0","217/213/221","279/270/273","192/0/195","0/341/355","173/175/0","268/0/258","292/290/288","242/244/0","264/266/260"
"AR19084","query","0/142/142","0/154/206","166/170/0","217/217/0","279/270/273","192/0/195","0/341/355","173/173/0","268/0/258","300/290/288","242/244/0","264/266/260"
"CL19004","query","0/136/136","156/154/206","166/170/0","217/217/0","279/270/273","192/0/195","0/341/355","173/173/0","268/0/258","292/290/288","242/244/0","264/266/260"
"AR19052","query","0/136/138","156/154/202","166/170/0","217/217/0","279/270/273","192/0/195","0/341/355","173/173/0","268/266/258","292/290/288","242/244/0","264/266/260"
"AR19087","query","0/138/138","156/154/202","166/170/0","217/217/0","279/270/273","192/0/195","0/341/355","173/173/0","268/0/258","292/290/288","242/244/0","264/266/260"
"AR19063","query","0/138/138","156/154/202","166/170/0","217/217/0","279/270/273","192/0/195","0/341/355","173/173/0","268/0/258","292/290/288","242/244/0","264/266/260"
"AR19026","query","0/138/138","156/154/202","166/170/0","217/217/0","279/270/273","192/0/195","0/341/355","173/173/0","268/0/258","292/290/288","242/244/0","264/266/260"
"CL19052","query","0/136/136","156/154/206","166/170/0","217/217/0","279/270/273","192/0/195","0/341/355","173/173/0","268/0/258","292/290/288","242/244/0","264/266/260"
"AR19091","query","0/138/138","156/154/202","166/170/0","217/217/0","279/270/273","192/0/195","0/341/355","173/173/0","268/0/258","292/290/288","242/244/0","264/266/260"
"AR19031","query","0/138/138","156/154/202","166/170/0","217/217/0","279/270/273","192/0/195","0/341/355","173/173/0","268/0/258","292/290/288","242/244/0","264/266/260"
"CL19044","query","0/136/136","156/154/206","166/170/0","217/217/0","279/270/273","192/0/195","0/341/355","173/173/0","268/0/258","292/290/288","242/244/0","264/266/260"
"AR19064","query","0/138/138","156/154/202","166/170/0","217/217/0","279/270/273","192/0/195","0/341/355","173/173/0","268/0/258","292/290/288","242/244/0","264/266/260"
"AR19001","query","0/138/138","156/154/202","166/170/0","217/217/0","279/270/273","192/0/195","0/341/355","173/173/0","268/0/258","292/290/288","242/244/0","264/266/260"
"AR19078","query","0/138/138","156/154/202","166/170/0","217/217/0","279/270/273","192/0/195","0/341/355","173/173/0","268/0/258","292/290/288","242/244/0","264/266/260"
"PA19048","query","0/138/138","154/152/162","166/170/0","217/213/221","279/270/273","192/0/195","0/341/355","173/175/0","268/0/258","296/290/288","242/244/0","264/266/260"
"AR19039","query","0/136/138","156/154/202","166/170/0","217/217/0","279/270/273","192/0/195","0/341/355","173/175/0","268/266/258","292/290/288","242/244/0","264/266/260"
"CL19015","query","0/136/136","156/154/206","166/170/0","217/217/0","279/270/273","192/0/195","0/341/355","173/173/0","268/0/258","292/290/288","242/244/0","264/266/260"
"AR19060","query","0/142/142","0/154/206","166/170/0","217/217/0","279/270/273","192/0/195","0/341/355","173/173/0","268/0/258","292/290/288","242/244/0","264/266/260"
"AR19092","query","0/138/138","156/154/202","166/170/0","217/217/0","279/270/273","192/0/195","0/341/355","173/173/0","268/0/258","294/290/288","242/244/0","264/266/260"
"CL19038","query","0/136/136","156/154/206","166/170/0","217/217/0","279/270/273","192/0/195","0/341/355","173/173/0","268/258/272","292/290/288","242/244/0","264/266/260"
"PA19011","query","0/140/140","154/152/162","166/170/0","217/213/221","279/270/273","192/0/195","0/341/355","173/175/0","268/0/258","292/290/288","242/244/0","264/266/260"
"AR19045","query","0/138/140","156/154/202","166/170/0","217/217/0","279/270/273","192/0/195","0/341/355","173/173/0","268/266/258","292/290/288","242/244/0","264/266/260"
"AR19067","query","0/138/138","156/154/202","166/170/0","217/217/0","279/270/273","192/0/195","0/341/355","173/173/0","268/0/258","292/290/288","242/244/0","264/266/260"
"PA19030","query","0/136/136","160/154/152","166/170/0","217/213/221","279/270/273","192/0/195","0/341/355","173/175/0","268/0/258","300/290/288","242/244/0","264/266/260"
"CL19046","query","0/136/136","156/154/206","166/170/0","217/217/0","279/270/273","192/0/195","0/341/355","173/173/0","268/0/258","292/290/288","242/244/0","264/266/260"
"AR19083","query","0/142/142","0/154/206","166/170/0","217/217/0","279/270/273","192/0/195","0/341/355","173/173/0","268/0/258","292/0/290","242/244/0","264/266/260"
"CL19022","query","0/136/136","156/154/206","166/170/0","217/217/0","279/270/273","192/0/195","0/341/355","173/173/0","268/0/258","292/290/288","242/244/0","264/266/260"
"AR19073","query","0/138/138","156/154/202","166/170/0","217/217/0","279/270/273","192/0/195","0/341/355","173/173/0","268/0/258","292/290/288","242/244/0","264/266/260"
"CL19037","query","0/136/136","156/154/206","166/170/0","217/217/0","279/270/273","192/0/195","0/341/355","173/173/0","268/0/258","292/290/288","242/244/0","264/266/260"
"AR19076","query","0/138/138","156/154/202","166/170/0","217/217/0","279/270/273","192/0/195","0/341/355","173/173/0","268/0/258","292/290/288","242/244/0","264/266/260"
"PA19042","query","0/138/138","154/152/162","166/170/0","217/213/221","279/270/273","192/0/195","0/341/355","173/175/0","268/0/258","292/290/288","242/244/0","264/266/260"
"AR19065","query","0/138/138","156/154/202","166/170/0","217/217/0","279/270/273","192/0/195","0/341/355","173/173/0","268/0/258","292/290/288","242/244/0","264/266/260"
"AR19022","query","0/138/138","156/154/202","166/170/0","217/217/0","279/270/273","192/0/195","0/341/355","173/173/0","268/266/258","292/290/288","242/244/0","264/266/260"
"CL19025","query","0/136/136","156/154/206","166/170/168","217/217/0","279/270/273","192/0/195","0/341/355","173/173/0","268/0/258","292/290/288","242/244/0","264/266/260"
"AR19074","query","0/138/138","156/154/202","166/170/0","217/217/0","279/270/273","192/0/195","0/341/355","173/173/0","268/0/258","292/290/288","242/244/0","264/266/260"
"AR19023","query","0/138/138","156/154/202","166/170/0","217/217/0","279/270/273","192/0/195","0/341/355","173/173/0","268/0/258","292/290/288","242/244/0","264/266/260"
"CL19035","query","0/136/136","156/154/208","0/168/160","217/217/0","279/270/273","192/0/195","0/341/355","173/173/0","268/0/258","292/290/288","242/244/0","264/266/260"
"AR19081","query","0/138/138","156/158/202","166/170/0","217/217/0","279/270/273","192/0/195","0/341/355","173/173/0","268/0/258","292/290/288","242/244/0","264/266/0"
"AR19035","query","0/138/138","156/154/202","166/170/0","217/217/0","279/270/273","192/0/195","0/341/355","173/173/0","268/0/258","292/290/288","242/244/0","264/266/260"
"PA19047","query","0/138/138","154/152/162","166/170/0","217/213/221","279/270/273","192/0/195","0/341/355","173/175/0","268/0/258","292/300/288","242/244/0","264/266/260"
"CL19024","query","0/136/136","156/154/206","166/170/0","217/217/0","279/270/273","192/0/195","0/341/355","173/173/0","268/0/258","292/290/288","242/244/0","264/266/260"
"CL19001","query","0/136/136","156/154/206","166/170/0","217/217/0","279/270/273","192/0/195","0/341/355","173/173/0","268/0/258","292/290/288","242/244/0","264/266/260"
"AR19033","query","0/138/138","156/154/202","166/170/0","217/217/0","279/270/273","192/0/195","0/341/355","173/173/0","268/0/258","292/290/288","242/244/0","264/266/260"
"CL19030","query","0/136/136","156/154/206","166/170/0","217/217/0","279/270/273","192/0/195","0/341/355","173/173/0","268/0/258","292/290/288","242/244/0","264/266/260"
"CL19023","query","0/136/136","156/154/206","166/170/0","217/217/0","279/270/273","192/0/195","0/341/355","173/173/0","268/0/258","292/290/288","242/244/0","264/266/260"
"AR19011","query","0/138/138","156/154/202","166/170/0","217/217/0","279/270/273","192/0/195","0/341/355","173/173/0","268/0/258","292/290/288","242/244/0","264/266/260"
"AR19042","query","0/136/138","156/154/202","166/170/0","217/217/0","279/270/273","192/0/195","0/341/355","173/173/0","268/266/258","292/290/288","242/244/0","264/266/260"
"AR19013","query","0/138/138","156/154/202","166/170/0","217/217/0","279/270/273","192/0/195","0/341/355","173/173/0","268/0/258","292/290/288","242/244/0","264/266/260"
"CL19050","query","0/136/136","156/154/206","166/170/0","217/217/0","279/270/273","192/0/195","0/341/355","173/173/0","268/0/258","292/290/288","242/244/0","264/266/260"
"AR22002","query","0/138/138","156/154/202","166/170/0","217/217/0","279/270/273","192/0/195","0/341/355","173/173/0","268/0/258","292/290/288","242/244/0","264/266/260"
"PA19013","query","0/138/138","154/152/162","166/170/0","217/213/221","279/270/273","192/0/195","0/341/355","173/175/0","268/0/258","296/290/288","242/244/0","264/266/260"
"CL19003","query","0/136/136","156/154/208","166/170/0","217/217/0","279/270/273","192/0/195","0/341/355","173/173/0","268/0/258","292/290/288","242/244/0","264/266/260"
"CL19051","query","0/136/136","156/154/206","166/170/0","217/217/0","279/270/273","192/0/195","0/341/355","173/173/0","268/0/258","292/290/288","242/244/0","264/266/260"
"AR19053","query","0/142/142","156/154/206","166/170/0","217/217/0","279/270/273","192/0/195","0/341/355","173/173/0","268/0/258","292/290/288","242/244/0","264/266/260"
"PA19049","query","0/138/138","154/152/162","166/170/0","217/213/221","279/270/273","192/0/195","0/341/355","173/175/0","268/0/258","292/296/288","242/244/0","264/266/260"
"AR19095","query","0/138/138","156/154/202","166/170/0","217/217/0","279/270/273","192/0/195","0/341/355","173/173/0","268/0/258","294/290/288","242/244/0","264/266/260"
"AR19010","query","0/138/138","156/154/202","166/170/0","217/217/0","279/270/273","192/0/195","0/341/355","173/173/0","268/0/258","292/290/288","242/244/0","264/266/260"
"CL19012","query","0/136/136","156/154/206","166/170/0","217/217/0","279/270/273","192/0/195","0/341/355","173/173/0","268/0/258","292/290/288","242/244/0","264/266/260"
"AR19020","query","0/138/138","156/154/202","166/170/0","217/217/0","279/270/273","192/0/195","0/341/355","173/173/0","268/0/258","292/290/288","242/244/0","264/266/260"
"AR19040","query","0/136/138","156/154/202","166/170/0","217/217/0","279/270/273","192/0/195","0/341/355","173/173/0","268/266/258","292/290/288","242/244/0","264/266/260"
"CL19045","query","0/136/136","156/154/206","166/170/0","217/217/0","279/270/273","192/0/195","0/341/355","173/173/0","268/0/258","292/290/288","242/244/0","264/266/260"
"CL19055","query","0/136/136","156/154/206","166/170/0","217/217/0","279/270/273","192/0/195","0/341/355","173/173/0","268/0/258","292/290/288","242/244/0","264/266/260"
"EU_13_001","query","0/136/154","0/160/154","166/170/0","205/213/0","279/0/273","192/192/0","0/341/341","173/173/0","268/0/266","284/294/0","244/0/240","266/0/260"
"EU_13_002","query","136/140/154","0/160/154","166/170/0","205/213/0","279/0/273","192/192/0","0/341/341","173/173/0","268/0/266","284/294/0","244/0/240","266/0/260"
"EU_13_003","query","0/136/158","0/160/154","166/170/0","205/213/0","279/0/273","192/192/0","0/341/341","173/173/0","268/0/266","284/294/0","244/0/240","266/0/260"
"EU_13_004","query","0/136/152","0/160/154","166/170/0","205/213/0","279/0/273","192/192/0","0/341/341","173/173/0","268/0/266","284/294/0","244/0/240","266/0/260"
"EU_13_005","query","0/136/154","160/154/164","166/170/0","205/213/0","279/0/273","192/192/0","0/341/341","173/173/0","268/0/266","284/294/0","244/0/240","266/0/260"
"EU_13_006","query","134/140/154","0/160/154","166/170/0","205/213/0","279/0/273","192/192/0","0/341/341","173/173/0","268/0/266","284/294/0","244/0/240","266/0/260"
"EU_13_007","query","0/136/154","0/160/154","166/170/0","205/213/0","279/0/273","192/0/190","0/341/341","173/173/0","268/0/266","284/294/0","244/0/240","266/0/260"
"EU_13_008","query","0/134/154","0/160/154","166/170/0","205/213/0","279/0/273","192/192/0","0/341/341","173/173/0","268/0/266","284/294/0","244/0/240","266/0/260"
"EU_13_009","query","136/134/154","0/160/154","166/170/0","205/213/0","279/0/273","192/192/0","0/341/341","173/173/0","268/0/266","284/294/0","244/0/240","266/0/260"
"EU_13_010","query","0/136/160","0/160/154","166/170/0","205/213/0","279/0/273","192/192/0","0/341/341","173/173/0","268/0/266","284/294/0","244/0/240","266/0/260"
"EU_13_011","query","136/132/154","0/160/154","166/170/0","205/213/0","279/0/273","192/192/0","0/341/341","173/173/0","268/0/266","284/294/0","244/0/240","266/0/260"
"EU_13_012","query","136/134/154","160/158/154","166/170/0","205/213/0","279/0/273","192/192/0","0/341/341","173/173/0","268/0/266","284/294/0","244/0/240","266/0/260"
"EU_13_013","query","0/136/148","0/160/154","166/170/0","205/213/0","279/0/273","192/192/0","0/341/341","173/173/0","268/0/266","284/294/0","244/0/240","266/0/260"
"EU_13_014","query","136/132/158","0/160/154","166/170/0","205/213/0","279/0/273","192/192/0","0/341/341","173/173/0","268/0/266","284/294/0","244/0/240","266/0/260"
"EU_13_015","query","0/136/156","0/160/154","166/170/0","205/213/0","279/0/273","192/192/0","0/341/341","173/173/0","268/0/266","284/294/0","244/0/240","266/0/260"
"EU_13_016","query","136/138/158","0/160/154","166/170/0","205/213/0","279/0/273","192/192/0","0/341/341","173/173/0","268/0/266","284/294/0","244/0/240","266/0/260"
"EU_13_017","query","0/136/154","160/158/154","166/170/0","205/213/0","279/0/273","192/192/0","0/341/341","173/173/0","268/0/266","284/294/0","244/0/240","266/0/260"
"EU_13_018","query","0/136/136","0/160/154","166/170/0","205/213/0","279/0/273","192/192/0","0/341/341","173/173/0","268/0/266","284/294/0","244/0/240","266/0/260"
"EU_13_019","query","136/164/166","0/160/154","166/170/0","205/213/0","279/0/273","192/192/0","0/341/341","173/173/0","268/0/266","284/294/0","244/0/240","266/0/260"
"EU_13_020","query","0/140/154","0/160/154","166/170/0","205/213/0","279/0/273","192/192/0","0/341/341","173/173/0","268/0/266","284/294/0","244/0/240","266/0/260"
"EU_13_021","query","136/140/158","0/160/154","166/170/0","205/213/0","279/0/273","192/192/0","0/341/341","173/173/0","268/0/266","284/294/0","244/0/240","266/0/260"
"EU_13_022","query","136/144/154","0/160/154","166/170/0","205/213/0","279/0/273","192/192/0","0/341/341","173/173/0","268/0/266","284/294/0","244/0/240","266/0/260"
"EU_13_023","query","0/136/150","0/160/154","166/170/0","205/213/0","279/0/273","192/192/0","0/341/341","173/173/0","268/0/266","284/294/0","244/0/240","266/0/260"
"EU_13_025","query","0/136/154","0/160/154","166/170/0","205/213/0","279/0/273","192/192/0","0/341/341","173/173/0","0/266/266","284/294/0","244/0/240","266/0/260"
"EU_13_026","query","0/138/154","0/160/154","166/170/0","205/213/0","279/0/273","192/192/0","0/341/341","173/173/0","268/0/266","284/294/0","244/0/240","266/0/260"
"EU_13_027","query","0/136/154","154/162/164","166/170/0","205/213/0","279/0/273","192/192/0","0/341/341","173/173/0","268/0/266","284/294/0","244/0/240","266/0/260"
"EU_13_028","query","0/136/154","0/160/160","166/170/0","205/213/0","279/0/273","192/192/0","0/341/341","173/173/0","268/0/266","284/294/0","244/0/240","266/0/260"
"EU_13_029","query","136/154/130","0/160/154","166/170/0","205/213/0","279/0/273","192/192/0","0/341/341","173/173/0","268/0/266","284/294/0","244/0/240","266/0/260"
"EU_13_030","query","136/142/152","0/160/154","166/170/0","205/213/0","279/0/273","192/192/0","0/341/341","173/173/0","268/0/266","284/294/0","244/0/240","266/0/260"
"EU_13_031","query","0/136/154","0/160/152","166/170/0","205/213/0","279/0/273","192/192/0","0/341/341","173/173/0","268/0/266","284/294/0","244/0/240","266/0/260"
"EU_13_032","query","0/136/154","0/160/154","166/170/0","205/213/0","279/0/273","192/192/0","0/341/341","173/173/0","268/266/264","284/294/0","244/0/240","266/0/260"
"EU_13_033","query","0/136/158","0/160/152","166/170/0","205/213/0","279/0/273","192/192/0","0/341/341","173/173/0","268/0/266","284/294/0","244/0/240","266/0/260"
"EU_13_034","query","0/136/170","0/160/154","166/170/0","205/213/0","279/0/273","192/192/0","0/341/341","173/173/0","268/0/266","284/292/294","244/0/240","266/0/260"
"EU_13_035","query","140/154/146","0/160/154","166/170/0","205/213/0","279/0/273","192/192/0","0/341/341","173/173/0","268/0/266","284/294/0","244/0/240","266/0/260"
"EU_13_036","query","0/136/154","160/154/162","166/170/0","205/213/0","279/0/273","192/192/0","0/341/341","173/173/0","268/0/266","284/294/0","244/0/240","266/0/260"
"EU_13_037","query","136/132/154","160/154/164","166/170/0","205/213/0","279/0/273","192/192/0","0/341/341","173/173/0","268/0/266","284/294/0","244/0/240","266/0/260"
"EU_13_038","query","0/136/154","160/154/164","166/170/0","205/213/0","279/0/273","192/192/0","0/341/341","173/173/0","0/266/272","284/294/0","244/0/240","266/0/260"
"EU_13_039","query","0/136/154","160/154/168","166/170/0","205/213/0","279/0/273","192/192/0","0/341/341","173/173/0","268/0/266","284/294/0","244/0/240","266/0/260"
"EU_13_040","query","0/136/154","0/160/154","0/168/160","205/213/0","279/0/273","192/192/0","0/341/341","173/173/0","268/0/266","284/294/0","244/0/240","266/0/260"
"EU_13_041","query","0/136/154","160/154/164","166/170/0","205/213/0","279/0/273","192/192/0","0/341/341","173/173/0","268/266/260","284/294/0","244/0/240","266/0/260"
"EU_13_042","query","0/136/158","160/154/164","166/170/0","205/213/0","279/0/273","192/192/0","0/341/341","173/173/0","268/0/266","284/292/294","244/0/240","266/0/260"
"EU_13_043","query","0/136/156","160/154/164","166/170/0","205/213/0","279/0/273","192/192/0","0/341/341","173/173/0","268/0/266","284/294/0","244/0/240","266/0/260"
"EU_13_046","query","134/140/154","0/160/160","166/170/0","205/213/0","279/0/273","192/192/0","0/341/341","173/173/0","268/0/266","284/294/0","244/0/240","266/0/260"
"EU_13_047","query","136/132/156","160/158/154","166/170/0","205/213/0","279/0/273","192/192/0","0/341/341","173/173/0","268/0/266","284/294/0","244/0/240","266/0/260"
"EU_13_048","query","134/138/154","0/160/154","166/170/0","205/213/0","279/0/273","192/192/0","0/341/341","173/173/0","268/0/266","284/294/0","244/0/240","266/0/260"
"EU_13_049","query","0/136/136","0/160/154","166/170/0","205/205/0","279/0/273","192/192/0","0/341/341","173/173/0","268/0/266","284/294/0","244/0/240","266/0/260"
"EU_13_050","query","136/138/154","0/160/154","166/170/0","205/213/0","279/0/273","192/192/0","0/341/341","173/173/0","268/0/266","284/294/0","244/0/240","266/0/260"
"EU_13_051","query","136/140/156","0/160/154","166/170/0","205/213/0","279/0/273","192/192/0","0/341/341","173/173/0","268/0/266","284/294/0","244/0/240","266/0/260"
"EU_13_052","query","136/140/156","160/154/164","166/170/0","205/213/0","279/0/273","192/192/0","0/341/341","173/173/0","268/0/266","284/294/0","244/0/240","266/0/260"
"EU_13_053","query","136/142/150","0/160/154","166/170/0","205/213/0","279/0/273","192/192/0","0/341/341","173/173/0","268/0/266","284/294/0","244/0/240","266/0/260"
"EU_13_054","query","136/142/150","0/160/160","166/170/0","205/213/0","279/0/273","192/192/0","0/341/341","173/173/0","268/0/266","284/294/0","244/0/240","266/0/260"
"EU_13_055","query","144/140/154","0/160/154","166/170/0","205/213/0","279/0/273","192/192/0","0/341/341","173/173/0","268/0/266","284/294/0","244/0/240","266/0/260"
"EU_13_056","query","138/140/154","0/160/154","166/170/0","205/213/0","279/0/273","192/192/0","0/341/341","173/173/0","268/0/266","284/294/0","244/0/240","266/0/260"
"EU_13_057","query","0/136/150","0/160/154","166/170/0","205/213/0","279/0/273","192/0/189","0/341/341","173/173/0","268/0/266","284/294/0","244/0/240","266/0/260"
"EU_13_058","query","136/142/154","0/160/154","166/170/0","205/213/0","279/0/273","192/192/0","0/341/341","173/173/0","268/0/266","284/294/0","244/0/240","266/0/260"
"EU_13_059","query","136/142/154","0/160/154","166/170/0","205/213/0","279/0/273","192/192/0","0/341/341","173/173/0","268/0/266","284/294/296","244/0/240","266/0/260"
"EU_13_060","query","136/140/150","0/160/154","166/170/0","205/213/0","279/0/273","192/192/0","0/341/341","173/173/0","268/0/266","284/294/0","244/0/240","266/0/260"
"EU_13_061","query","136/140/152","0/160/154","166/170/0","205/213/0","279/0/273","192/192/0","0/341/341","173/173/0","268/0/266","284/294/0","244/0/240","266/0/260"
"EU_13_062","query","0/136/154","158/154/164","166/170/0","205/213/0","279/0/273","192/192/0","0/341/341","173/173/0","268/0/266","284/294/0","244/0/240","266/0/260"
"EU_13_063","query","0/136/154","0/160/158","166/170/0","205/213/0","279/0/273","192/192/0","0/341/341","173/173/0","268/0/266","284/294/0","244/0/240","266/0/260"
"EU_13_064","query","0/136/154","156/0/160","166/170/0","205/213/0","279/0/273","192/192/0","0/341/341","173/173/0","268/0/266","284/294/0","244/0/240","266/0/260"
"EU_13_065","query","0/136/154","154/164/166","166/170/0","205/213/0","279/0/273","192/192/0","0/341/341","173/173/0","268/0/266","284/294/0","244/0/240","266/0/260"
"EU_13_066","query","136/134/158","0/160/154","166/170/0","205/213/0","279/0/273","192/192/0","0/341/341","173/173/0","268/0/266","284/294/0","244/0/240","266/0/260"
"EU_13_067","query","0/136/136","0/160/158","166/170/0","205/213/0","279/0/273","192/192/0","0/341/341","173/173/0","268/0/266","284/294/0","244/0/240","266/0/260"
"EU_13_069","query","136/144/158","0/160/154","166/170/0","205/213/0","279/0/273","192/192/0","0/341/341","173/173/0","268/0/266","284/294/0","244/0/240","266/0/260"
"EU_13_070","query","136/154/150","0/160/154","166/170/0","205/213/0","279/0/273","192/192/0","0/341/341","173/173/0","268/0/266","284/294/0","244/0/240","266/0/260"
"EU_13_072","query","0/136/154","0/154/164","166/170/0","205/213/0","279/0/273","192/192/0","0/341/341","173/173/0","268/0/266","284/294/0","244/0/240","266/0/260"
"EU_13_074","query","0/136/158","0/160/154","166/170/0","205/205/0","279/0/273","192/192/0","0/341/341","173/173/0","268/0/266","284/294/0","244/0/240","266/0/260"
"EU_13_076","query","0/136/152","0/160/154","166/170/0","205/213/0","279/0/273","192/192/0","0/341/341","173/173/0","0/266/266","284/294/0","244/0/240","266/0/260"
"EU_13_077","query","0/136/162","0/160/154","166/170/0","205/213/0","279/0/273","192/192/0","0/341/341","173/173/0","268/0/266","284/294/0","244/0/240","266/0/260"
"EU_13_078","query","136/154/124","0/160/154","166/170/0","205/213/0","279/0/273","192/192/0","0/341/341","173/173/0","268/0/266","284/294/0","244/0/240","266/0/260"
"EU_13_079","query","136/154/126","0/160/154","166/170/0","205/213/0","279/0/273","192/192/0","0/341/341","173/173/0","268/0/266","284/294/0","244/0/240","266/0/260"
"EU_13_080","query","0/136/154","160/154/166","166/170/0","205/213/0","279/0/273","192/192/0","0/341/341","173/173/0","268/0/266","284/294/0","244/0/240","266/0/260"
"EU_13_082","query","0/136/158","156/0/160","166/170/0","205/213/0","279/0/273","192/192/0","0/341/341","173/173/0","268/0/266","284/294/0","244/0/240","266/0/260"
"EU_13_085","query","136/154/128","0/160/154","166/170/0","205/213/0","279/0/273","192/192/0","0/341/341","173/173/0","268/0/266","284/294/0","244/0/240","266/0/260"
"EU_13_086","query","136/140/154","0/160/152","166/170/0","205/213/0","279/0/273","192/192/0","0/341/341","173/173/0","268/0/266","284/294/0","244/0/240","266/0/260"
"EU_13_087","query","0/136/154","156/160/154","166/170/0","205/213/0","279/0/273","192/192/0","0/341/341","173/173/0","0/266/272","284/294/0","244/0/240","266/0/260"
"EU_13_093","query","0/136/124","160/154/164","166/170/0","205/213/0","279/0/273","192/192/0","0/341/341","173/173/0","268/0/266","284/294/0","244/0/240","266/0/260"
"EU_13_094","query","0/136/158","0/160/160","166/170/0","205/213/0","279/0/273","192/192/0","0/341/341","173/173/0","268/0/266","284/294/0","244/0/240","266/0/260"
"EU_13_095","query","136/140/154","0/160/158","166/170/0","205/213/0","279/0/273","192/192/0","0/341/341","173/173/0","268/0/266","284/294/0","244/0/240","266/0/260"
"EU_13_096","query","136/140/152","0/160/158","166/170/0","205/213/0","279/0/273","192/192/0","0/341/341","173/173/0","268/0/266","284/294/0","244/0/240","266/0/260"
"EU_13_098","query","136/134/158","160/154/162","166/170/0","205/213/0","279/0/273","192/192/0","0/341/341","173/173/0","268/0/266","284/294/296","244/0/240","266/0/260"
"EU_13_100","query","0/136/160","160/154/164","166/170/0","205/213/0","279/0/273","192/192/0","0/341/341","173/173/0","268/0/266","284/294/0","244/0/240","266/0/260"
"EU_13_102","query","134/140/162","160/158/164","166/170/0","205/213/0","279/0/273","192/192/0","0/341/341","173/173/0","268/0/266","284/294/0","244/0/240","266/0/260"
"EU_13_103","query","0/136/154","160/158/164","166/170/0","205/213/0","279/0/273","192/192/0","0/341/341","173/173/0","268/0/266","284/294/0","244/0/240","266/0/260"
"EU_13_106","query","136/132/156","0/160/152","166/170/0","205/213/0","279/0/273","192/192/0","0/341/341","173/173/0","268/0/266","284/294/296","244/0/240","266/0/260"
"EU_13_107","query","0/136/154","0/152/164","166/170/0","205/213/0","279/0/273","192/192/0","0/341/341","173/173/0","268/0/266","284/294/0","244/0/240","266/0/260"
"EU_13_108","query","136/140/158","156/160/154","166/170/0","205/213/0","279/0/273","192/192/0","0/341/341","173/173/0","268/0/266","284/294/298","244/0/240","266/0/260"
"EU_13_109","query","136/138/154","156/160/154","166/170/0","205/213/0","279/0/273","192/192/0","0/341/341","173/173/0","268/0/266","284/294/0","244/0/240","266/0/260"
"EU_13_110","query","136/138/158","160/158/154","166/170/0","205/213/0","279/0/273","192/192/0","0/341/341","173/173/0","268/0/266","284/294/296","244/0/240","266/0/260"
"EU_13_111","query","136/140/154","160/158/154","166/170/0","205/213/0","279/0/273","192/192/0","0/341/341","173/173/0","268/0/266","284/294/296","244/0/240","266/0/260"
"EU_13_112","query","136/142/154","160/158/154","166/170/0","205/213/0","279/0/273","192/192/0","0/341/341","173/173/0","268/0/266","284/294/0","244/0/240","266/0/260"
"EU_13_113","query","138/154/124","0/160/154","166/170/0","205/213/0","279/0/273","192/192/0","0/341/341","173/173/0","268/0/266","284/294/0","244/0/240","266/0/260"
"EU_13_114","query","134/154/130","0/160/154","166/170/0","205/213/0","279/0/273","192/192/0","0/341/341","173/173/0","268/0/266","284/294/0","244/0/240","266/0/260"
"EU_13_115","query","136/134/152","0/160/154","166/170/0","205/213/0","279/0/273","192/192/0","0/341/341","173/173/0","268/0/266","284/294/296","244/0/240","266/0/260"
"EU_13_116","query","136/134/156","0/160/154","166/170/0","205/213/0","279/0/273","192/192/0","0/341/341","173/173/0","268/0/266","284/294/0","244/0/240","266/0/260"
"EU_13_117","query","134/140/154","0/160/154","166/170/0","205/213/0","279/0/273","192/192/0","0/341/341","173/173/0","268/0/266","294/294/0","244/0/240","266/0/260"
"EU_13_118","query","136/138/156","0/160/154","166/170/0","205/213/0","279/0/273","192/192/0","0/341/341","173/173/0","268/0/266","284/294/0","244/0/240","266/0/260"
"EU_13_119","query","132/140/152","0/160/154","166/170/0","205/213/0","279/0/273","192/192/0","0/341/341","173/173/0","268/0/266","284/292/298","244/0/240","266/0/260"
"EU_13_121","query","136/140/154","0/160/154","166/170/0","205/213/0","279/0/273","192/192/0","0/341/341","173/173/0","268/266/264","284/294/0","244/0/240","266/0/260"
"EU_13_122","query","136/140/154","0/160/154","166/170/0","205/213/0","279/0/273","192/192/0","0/341/341","173/173/0","268/0/266","284/294/296","244/0/240","266/0/260"
"EU_13_123","query","136/140/154","0/160/154","166/170/0","205/213/0","279/0/273","192/192/0","0/341/341","173/173/0","268/0/266","284/294/296","244/0/240","0/260/260"
"EU_13_124","query","136/140/154","0/160/154","166/170/0","205/213/0","279/0/273","192/192/0","0/341/341","173/173/0","268/0/266","284/294/298","244/0/240","266/0/260"
"EU_13_126","query","136/140/154","0/160/154","166/170/0","205/213/0","279/0/273","192/192/0","0/341/341","173/173/0","268/0/266","284/294/302","244/0/240","266/0/260"
"EU_13_127","query","136/140/154","0/160/154","166/170/0","205/213/0","279/0/273","192/192/0","0/341/341","173/173/0","268/0/266","284/296/0","244/0/240","266/0/260"
"EU_13_128","query","136/140/168","0/160/154","166/170/0","205/213/0","279/0/273","192/192/0","0/341/341","173/173/0","268/0/266","284/292/294","244/0/240","266/0/260"
"EU_13_129","query","136/144/150","0/160/154","166/170/0","205/213/0","279/0/273","192/192/0","0/341/341","173/173/0","268/0/266","284/294/0","244/0/240","266/0/260"
"EU_13_130","query","136/144/154","0/160/154","166/170/0","205/213/0","279/0/273","192/192/0","0/341/341","173/173/0","268/0/266","284/294/296","244/0/240","266/0/260"
"EU_13_131","query","136/144/154","0/160/154","166/170/0","205/213/0","279/0/273","192/192/0","0/341/341","173/173/0","268/0/266","284/294/300","244/0/240","266/0/260"
"EU_13_132","query","0/136/152","0/160/154","166/170/0","205/213/0","279/0/273","192/192/0","0/341/341","173/173/0","268/0/266","284/292/294","244/0/240","266/0/260"
"EU_13_133","query","0/136/152","0/160/154","166/170/0","205/213/0","279/0/273","192/192/0","0/341/341","173/173/0","268/0/266","284/294/296","244/0/240","266/0/260"
"EU_13_134","query","0/136/154","0/160/154","166/170/0","205/213/0","279/0/273","192/192/0","0/341/341","173/173/0","268/0/266","284/292/294","244/0/240","266/0/260"
"EU_13_135","query","0/136/154","0/160/154","166/170/0","205/213/0","279/0/273","192/192/0","0/341/341","173/173/0","268/0/266","284/292/296","244/0/240","266/0/260"
"EU_13_136","query","0/136/154","0/160/154","166/170/0","205/209/213","279/0/273","192/192/0","0/341/341","173/173/0","268/0/266","284/294/0","244/0/240","266/0/260"
"EU_13_138","query","0/136/154","0/160/154","166/170/0","205/213/0","279/0/273","192/192/0","0/341/341","173/173/0","268/0/266","284/294/296","244/0/240","266/0/260"
"EU_13_139","query","0/136/154","0/160/154","166/170/0","217/205/0","279/0/273","192/192/0","0/341/341","173/173/0","268/0/266","284/294/296","244/0/240","266/0/260"
"EU_13_140","query","0/136/154","0/160/154","166/170/0","205/213/0","279/0/273","192/192/0","0/341/341","173/173/0","268/0/266","284/294/298","244/0/240","266/0/260"
"EU_13_141","query","0/136/154","0/160/154","166/170/0","205/213/0","279/0/273","192/192/0","0/341/341","173/173/0","268/0/266","284/294/302","244/0/240","266/0/260"
"EU_13_142","query","0/136/154","0/160/154","166/170/0","205/213/0","279/0/273","192/192/0","0/341/341","173/173/0","268/0/266","284/296/0","244/0/240","266/0/260"
"EU_13_145","query","0/136/158","0/160/154","166/170/0","205/205/0","279/0/273","192/192/0","0/341/341","173/173/0","268/0/266","284/294/0","244/0/240","266/0/260"
"EU_13_146","query","0/136/158","0/160/154","166/170/0","205/213/0","279/0/273","192/192/0","0/341/341","173/173/0","268/0/266","284/292/294","244/0/240","266/0/260"
"EU_13_147","query","0/136/158","0/160/154","166/170/0","205/213/0","279/0/273","192/192/0","0/341/341","173/173/0","268/0/266","284/294/296","244/0/240","266/0/260"
"EU_13_148","query","0/136/158","0/160/154","166/170/0","205/213/0","279/0/273","192/192/0","0/341/341","173/173/0","268/0/266","284/296/0","244/0/240","266/0/260"
"EU_13_149","query","0/136/160","0/160/154","166/170/0","205/213/0","279/0/273","192/192/0","0/341/341","173/173/0","268/0/266","284/294/296","244/0/240","266/0/260"
"EU_13_150","query","0/136/166","0/160/154","166/170/0","205/213/0","279/0/273","192/192/0","0/341/341","173/173/0","268/0/266","284/292/294","244/0/240","266/0/260"
"EU_13_151","query","0/136/168","0/160/154","166/170/0","205/213/0","279/0/273","192/192/0","0/341/341","173/173/0","268/0/266","284/292/294","244/0/240","266/0/260"
"EU_13_152","query","0/136/172","0/160/154","166/170/0","205/213/0","279/0/273","192/192/0","0/341/341","173/173/0","268/0/266","284/292/294","244/0/240","266/0/260"
"EU_13_153","query","138/144/150","0/160/154","166/170/0","205/213/0","279/0/273","192/192/0","0/341/341","173/173/0","268/0/266","284/294/0","244/0/240","266/0/260"
"EU_13_154","query","0/140/140","0/160/154","166/170/0","205/213/0","279/0/273","192/192/0","0/341/341","173/173/0","268/0/266","284/294/0","244/0/240","266/0/260"
"EU_13_155","query","142/140/154","0/160/154","166/170/0","205/213/0","279/0/273","192/192/0","0/341/341","173/173/0","268/0/266","284/294/296","244/0/240","266/0/260"
"EU_13_156","query","136/132/154","160/154/162","166/170/0","205/213/0","279/0/273","192/192/0","0/341/341","173/173/0","268/0/266","284/294/0","244/0/240","266/0/260"
"EU_13_157","query","136/140/152","160/154/162","166/170/0","205/213/0","279/0/273","192/192/0","0/341/341","173/173/0","268/0/266","284/292/294","244/0/240","266/0/260"
"EU_13_158","query","0/136/150","160/154/162","166/170/0","205/213/0","279/0/273","192/192/0","0/341/341","173/173/0","268/0/266","284/292/294","244/0/240","266/0/260"
"EU_13_159","query","136/134/154","160/154/164","166/170/0","205/213/0","279/0/273","192/192/0","0/341/341","173/173/0","268/0/266","284/294/0","244/0/240","266/0/260"
"EU_13_160","query","136/134/158","160/154/164","166/170/0","205/213/0","279/0/273","192/192/0","0/341/341","173/173/0","268/0/266","284/294/0","244/0/240","266/0/260"
"EU_13_161","query","136/134/158","160/154/164","166/170/0","205/213/0","279/0/273","192/192/0","0/341/341","173/173/0","268/0/266","284/292/294","244/0/240","266/0/260"
"EU_13_162","query","0/136/136","160/154/164","166/170/0","205/213/0","279/0/273","192/192/0","0/341/341","173/173/0","268/0/266","284/294/0","244/0/240","266/0/260"
"EU_13_163","query","136/138/158","160/154/164","166/170/0","205/213/0","279/0/273","192/192/0","0/341/341","173/173/0","268/0/266","284/292/294","244/0/240","266/0/260"
"EU_13_165","query","136/140/158","160/154/164","166/170/0","205/213/0","279/0/273","192/192/0","0/341/341","173/173/0","268/0/266","284/292/294","244/0/240","266/0/260"
"EU_13_166","query","0/136/152","160/154/164","166/170/0","205/213/0","279/0/273","192/192/0","0/341/341","173/173/0","268/0/266","284/294/0","244/0/240","266/0/260"
"EU_13_168","query","0/136/154","160/154/164","166/170/0","205/205/0","279/0/273","192/192/0","0/341/341","173/173/0","0/266/266","284/292/294","244/0/240","266/0/260"
"EU_13_169","query","0/136/154","160/154/164","166/170/0","205/213/0","279/0/273","192/192/0","0/341/341","173/173/0","268/0/266","284/296/0","244/0/240","266/0/260"
"EU_13_170","query","0/136/154","160/154/164","166/170/0","205/213/0","279/0/273","192/192/0","0/341/341","173/173/0","268/0/266","284/294/302","244/0/240","266/0/260"
"EU_13_171","query","0/136/158","160/154/164","166/170/0","205/213/0","279/0/273","192/192/0","0/341/341","173/173/0","268/0/266","284/292/296","244/0/240","266/0/260"
"EU_13_172","query","0/136/158","160/154/164","166/170/0","205/213/0","279/0/273","192/192/0","0/341/341","173/173/0","268/0/266","284/294/0","244/0/240","266/0/260"
"EU_13_173","query","0/136/154","0/154/164","166/170/0","205/213/0","279/0/273","192/192/0","0/341/341","173/173/0","268/0/266","284/294/296","244/0/240","266/0/260"
"EU_13_174","query","136/134/152","0/160/158","166/170/0","205/213/0","279/0/273","192/192/0","0/341/341","173/173/0","268/0/266","284/294/0","244/0/240","266/0/260"
"EU_13_175","query","0/136/158","0/160/160","166/170/0","205/213/0","279/0/273","192/192/0","0/341/341","173/173/0","0/266/266","284/294/0","244/0/240","266/0/260"
"EU_13_176","query","136/140/154","0/160/164","166/170/0","205/213/0","279/0/273","192/192/0","0/341/328","173/173/0","268/0/266","284/294/0","244/0/240","266/0/260"
"EU_13_177","query","136/140/154","160/154/164","166/170/0","205/213/0","279/0/273","192/192/0","0/341/341","173/173/0","268/0/266","294/296/0","244/0/240","266/0/260"
"EU_13_180","query","136/138/154","160/154/164","166/170/0","205/213/0","279/0/273","192/192/0","0/341/341","173/173/0","0/270/266","284/294/0","244/0/240","266/0/260"
"EU_13_181","query","136/140/154","160/154/162","166/170/0","205/213/0","279/0/273","192/192/0","0/341/341","173/173/0","268/0/266","284/294/0","244/0/240","266/0/260"
"EU_13_182","query","136/138/154","160/154/164","166/170/0","205/213/0","279/0/273","192/192/0","0/341/341","173/173/0","268/0/266","284/294/0","244/0/240","266/0/260"
"PI-13-034","query","0/136/160","0/160/154","166/170/0","205/213/0","279/0/273","192/192/0","0/341/341","173/173/0","268/0/266","285/297/295","244/0/240","266/0/260"
